"year","countryCode","basisOfRecord","order","count","country","continent"
2016,"","HUMAN_OBSERVATION","Anura",156,NA,NA
2016,"","HUMAN_OBSERVATION","Caudata",77,NA,NA
2016,"","MATERIAL_SAMPLE","Anura",2,NA,NA
2016,"","PRESERVED_SPECIMEN","Anura",40,NA,NA
2016,"","PRESERVED_SPECIMEN","Caudata",20,NA,NA
2016,"","UNKNOWN","Anura",32,NA,NA
2016,"","UNKNOWN","Caudata",25,NA,NA
2016,"AD","HUMAN_OBSERVATION","Anura",2,"Andorra","Europe"
2016,"AD","HUMAN_OBSERVATION","Caudata",2,"Andorra","Europe"
2016,"AE","HUMAN_OBSERVATION","Anura",5,"United Arab Emirates","Asia"
2016,"AF","MATERIAL_SAMPLE","Anura",7,"Afghanistan","Asia"
2016,"AF","PRESERVED_SPECIMEN","Anura",11,"Afghanistan","Asia"
2016,"AL","HUMAN_OBSERVATION","Anura",7,"Albania","Europe"
2016,"AM","HUMAN_OBSERVATION","Anura",7,"Armenia","Asia"
2016,"AO","PRESERVED_SPECIMEN","Anura",31,"Angola","Africa"
2016,"AO","UNKNOWN","Anura",1,"Angola","Africa"
2016,"AR","HUMAN_OBSERVATION","Anura",86,"Argentina","Americas"
2016,"AR","PRESERVED_SPECIMEN","Anura",1,"Argentina","Americas"
2016,"AS","HUMAN_OBSERVATION","Anura",1,"American Samoa","Oceania"
2016,"AT","HUMAN_OBSERVATION","Anura",705,"Austria","Europe"
2016,"AT","HUMAN_OBSERVATION","Caudata",306,"Austria","Europe"
2016,"AT","LITERATURE","Anura",1,"Austria","Europe"
2016,"AT","MATERIAL_SAMPLE","Anura",2,"Austria","Europe"
2016,"AT","MATERIAL_SAMPLE","Caudata",4,"Austria","Europe"
2016,"AT","UNKNOWN","Anura",14,"Austria","Europe"
2016,"AT","UNKNOWN","Caudata",6,"Austria","Europe"
2016,"AU","HUMAN_OBSERVATION","",5,"Australia","Oceania"
2016,"AU","HUMAN_OBSERVATION","Anura",9133,"Australia","Oceania"
2016,"AU","MACHINE_OBSERVATION","Anura",23,"Australia","Oceania"
2016,"AU","MATERIAL_SAMPLE","Anura",95,"Australia","Oceania"
2016,"AU","OBSERVATION","Anura",1150,"Australia","Oceania"
2016,"AU","PRESERVED_SPECIMEN","",3,"Australia","Oceania"
2016,"AU","PRESERVED_SPECIMEN","Anura",211,"Australia","Oceania"
2016,"BA","HUMAN_OBSERVATION","Anura",5,"Bosnia & Herzegovina","Europe"
2016,"BD","HUMAN_OBSERVATION","Anura",3,"Bangladesh","Asia"
2016,"BE","HUMAN_OBSERVATION","Anura",355,"Belgium","Europe"
2016,"BE","HUMAN_OBSERVATION","Caudata",176,"Belgium","Europe"
2016,"BE","LIVING_SPECIMEN","Anura",4,"Belgium","Europe"
2016,"BE","LIVING_SPECIMEN","Caudata",1,"Belgium","Europe"
2016,"BE","PRESERVED_SPECIMEN","Caudata",1,"Belgium","Europe"
2016,"BG","HUMAN_OBSERVATION","Anura",45,"Bulgaria","Europe"
2016,"BG","HUMAN_OBSERVATION","Caudata",1,"Bulgaria","Europe"
2016,"BJ","HUMAN_OBSERVATION","Anura",8,"Benin","Africa"
2016,"BO","HUMAN_OBSERVATION","Anura",14,"Bolivia","Americas"
2016,"BQ","HUMAN_OBSERVATION","Anura",4,"Caribbean Netherlands","Americas"
2016,"BR","HUMAN_OBSERVATION","Anura",141,"Brazil","Americas"
2016,"BR","HUMAN_OBSERVATION","Caudata",1,"Brazil","Americas"
2016,"BR","HUMAN_OBSERVATION","Gymnophiona",1,"Brazil","Americas"
2016,"BR","MATERIAL_SAMPLE","Anura",21,"Brazil","Americas"
2016,"BR","PRESERVED_SPECIMEN","Anura",2129,"Brazil","Americas"
2016,"BR","PRESERVED_SPECIMEN","Gymnophiona",26,"Brazil","Americas"
2016,"BS","HUMAN_OBSERVATION","Anura",3,"Bahamas","Americas"
2016,"BS","MACHINE_OBSERVATION","Anura",2,"Bahamas","Americas"
2016,"BW","HUMAN_OBSERVATION","Anura",2,"Botswana","Africa"
2016,"BY","HUMAN_OBSERVATION","Anura",13,"Belarus","Europe"
2016,"BZ","HUMAN_OBSERVATION","Anura",30,"Belize","Americas"
2016,"CA","HUMAN_OBSERVATION","Anura",937,"Canada","Americas"
2016,"CA","HUMAN_OBSERVATION","Caudata",405,"Canada","Americas"
2016,"CA","MATERIAL_SAMPLE","Caudata",1,"Canada","Americas"
2016,"CA","PRESERVED_SPECIMEN","Anura",7,"Canada","Americas"
2016,"CA","PRESERVED_SPECIMEN","Caudata",5,"Canada","Americas"
2016,"CD","HUMAN_OBSERVATION","Anura",2,"Congo - Kinshasa","Africa"
2016,"CD","PRESERVED_SPECIMEN","Anura",432,"Congo - Kinshasa","Africa"
2016,"CG","HUMAN_OBSERVATION","Anura",2,"Congo - Brazzaville","Africa"
2016,"CH","HUMAN_OBSERVATION","Anura",71,"Switzerland","Europe"
2016,"CH","HUMAN_OBSERVATION","Caudata",54,"Switzerland","Europe"
2016,"CL","HUMAN_OBSERVATION","Anura",25,"Chile","Americas"
2016,"CM","HUMAN_OBSERVATION","Anura",2,"Cameroon","Africa"
2016,"CM","PRESERVED_SPECIMEN","Anura",146,"Cameroon","Africa"
2016,"CM","PRESERVED_SPECIMEN","Gymnophiona",29,"Cameroon","Africa"
2016,"CN","HUMAN_OBSERVATION","Anura",87,"China","Asia"
2016,"CN","HUMAN_OBSERVATION","Caudata",3,"China","Asia"
2016,"CN","MATERIAL_SAMPLE","Anura",1,"China","Asia"
2016,"CN","PRESERVED_SPECIMEN","Anura",43,"China","Asia"
2016,"CO","HUMAN_OBSERVATION","Anura",456,"Colombia","Americas"
2016,"CO","HUMAN_OBSERVATION","Caudata",4,"Colombia","Americas"
2016,"CO","HUMAN_OBSERVATION","Gymnophiona",1,"Colombia","Americas"
2016,"CO","LIVING_SPECIMEN","Anura",3,"Colombia","Americas"
2016,"CO","MACHINE_OBSERVATION","Anura",67,"Colombia","Americas"
2016,"CO","MACHINE_OBSERVATION","Caudata",2,"Colombia","Americas"
2016,"CO","MACHINE_OBSERVATION","Gymnophiona",1,"Colombia","Americas"
2016,"CO","MATERIAL_SAMPLE","Anura",212,"Colombia","Americas"
2016,"CO","MATERIAL_SAMPLE","Gymnophiona",2,"Colombia","Americas"
2016,"CO","PRESERVED_SPECIMEN","Anura",1679,"Colombia","Americas"
2016,"CO","PRESERVED_SPECIMEN","Caudata",24,"Colombia","Americas"
2016,"CO","PRESERVED_SPECIMEN","Gymnophiona",11,"Colombia","Americas"
2016,"CR","HUMAN_OBSERVATION","Anura",383,"Costa Rica","Americas"
2016,"CR","MATERIAL_SAMPLE","Anura",8,"Costa Rica","Americas"
2016,"CR","PRESERVED_SPECIMEN","Anura",21,"Costa Rica","Americas"
2016,"CR","PRESERVED_SPECIMEN","Caudata",4,"Costa Rica","Americas"
2016,"CU","HUMAN_OBSERVATION","Anura",18,"Cuba","Americas"
2016,"CU","PRESERVED_SPECIMEN","Anura",10,"Cuba","Americas"
2016,"CY","HUMAN_OBSERVATION","Anura",2,"Cyprus","Asia"
2016,"CZ","HUMAN_OBSERVATION","Anura",17,"Czechia","Europe"
2016,"CZ","HUMAN_OBSERVATION","Caudata",5,"Czechia","Europe"
2016,"DE","HUMAN_OBSERVATION","Anura",3231,"Germany","Europe"
2016,"DE","HUMAN_OBSERVATION","Caudata",1335,"Germany","Europe"
2016,"DE","PRESERVED_SPECIMEN","Anura",2,"Germany","Europe"
2016,"DE","UNKNOWN","Anura",1,"Germany","Europe"
2016,"DE","UNKNOWN","Caudata",2,"Germany","Europe"
2016,"DJ","MATERIAL_SAMPLE","Anura",32,"Djibouti","Africa"
2016,"DJ","PRESERVED_SPECIMEN","Anura",45,"Djibouti","Africa"
2016,"DK","HUMAN_OBSERVATION","",15,"Denmark","Europe"
2016,"DK","HUMAN_OBSERVATION","Anura",1940,"Denmark","Europe"
2016,"DK","HUMAN_OBSERVATION","Caudata",701,"Denmark","Europe"
2016,"DM","HUMAN_OBSERVATION","Anura",1,"Dominica","Americas"
2016,"DO","HUMAN_OBSERVATION","Anura",6,"Dominican Republic","Americas"
2016,"DZ","HUMAN_OBSERVATION","Anura",11,"Algeria","Africa"
2016,"EC","HUMAN_OBSERVATION","Anura",245,"Ecuador","Americas"
2016,"EC","HUMAN_OBSERVATION","Caudata",3,"Ecuador","Americas"
2016,"EC","HUMAN_OBSERVATION","Gymnophiona",1,"Ecuador","Americas"
2016,"EC","PRESERVED_SPECIMEN","Anura",52,"Ecuador","Americas"
2016,"EE","HUMAN_OBSERVATION","Anura",28,"Estonia","Europe"
2016,"EE","HUMAN_OBSERVATION","Caudata",1,"Estonia","Europe"
2016,"EE","PRESERVED_SPECIMEN","Anura",2,"Estonia","Europe"
2016,"ER","PRESERVED_SPECIMEN","Anura",191,"Eritrea","Africa"
2016,"ES","HUMAN_OBSERVATION","Anura",657,"Spain","Europe"
2016,"ES","HUMAN_OBSERVATION","Caudata",252,"Spain","Europe"
2016,"ES","PRESERVED_SPECIMEN","Anura",5,"Spain","Europe"
2016,"ES","UNKNOWN","Anura",21,"Spain","Europe"
2016,"ES","UNKNOWN","Caudata",1,"Spain","Europe"
2016,"ET","HUMAN_OBSERVATION","Anura",2,"Ethiopia","Africa"
2016,"FI","HUMAN_OBSERVATION","Anura",25,"Finland","Europe"
2016,"FI","HUMAN_OBSERVATION","Caudata",1,"Finland","Europe"
2016,"FJ","HUMAN_OBSERVATION","Anura",4,"Fiji","Oceania"
2016,"FR","HUMAN_OBSERVATION","Anura",8369,"France","Europe"
2016,"FR","HUMAN_OBSERVATION","Caudata",3546,"France","Europe"
2016,"FR","PRESERVED_SPECIMEN","Anura",2,"France","Europe"
2016,"FR","PRESERVED_SPECIMEN","Caudata",1,"France","Europe"
2016,"GA","HUMAN_OBSERVATION","Anura",2,"Gabon","Africa"
2016,"GA","PRESERVED_SPECIMEN","Anura",4,"Gabon","Africa"
2016,"GB","HUMAN_OBSERVATION","",5,"United Kingdom","Europe"
2016,"GB","HUMAN_OBSERVATION","Anura",1998,"United Kingdom","Europe"
2016,"GB","HUMAN_OBSERVATION","Caudata",8466,"United Kingdom","Europe"
2016,"GE","HUMAN_OBSERVATION","Anura",20,"Georgia","Asia"
2016,"GE","HUMAN_OBSERVATION","Caudata",1,"Georgia","Asia"
2016,"GF","HUMAN_OBSERVATION","Anura",19,"French Guiana","Americas"
2016,"GF","HUMAN_OBSERVATION","Gymnophiona",1,"French Guiana","Americas"
2016,"GF","PRESERVED_SPECIMEN","Anura",4,"French Guiana","Americas"
2016,"GH","PRESERVED_SPECIMEN","Anura",80,"Ghana","Africa"
2016,"GM","HUMAN_OBSERVATION","Anura",1,"Gambia","Africa"
2016,"GP","HUMAN_OBSERVATION","Anura",4,"Guadeloupe","Americas"
2016,"GP","PRESERVED_SPECIMEN","Anura",1,"Guadeloupe","Americas"
2016,"GR","HUMAN_OBSERVATION","Anura",93,"Greece","Europe"
2016,"GR","HUMAN_OBSERVATION","Caudata",8,"Greece","Europe"
2016,"GR","UNKNOWN","Anura",24,"Greece","Europe"
2016,"GR","UNKNOWN","Caudata",3,"Greece","Europe"
2016,"GT","HUMAN_OBSERVATION","Anura",7,"Guatemala","Americas"
2016,"GY","HUMAN_OBSERVATION","Anura",12,"Guyana","Americas"
2016,"HK","HUMAN_OBSERVATION","Anura",61,"Hong Kong SAR China","Asia"
2016,"HK","HUMAN_OBSERVATION","Caudata",10,"Hong Kong SAR China","Asia"
2016,"HN","HUMAN_OBSERVATION","Anura",68,"Honduras","Americas"
2016,"HN","HUMAN_OBSERVATION","Caudata",15,"Honduras","Americas"
2016,"HR","HUMAN_OBSERVATION","Anura",52,"Croatia","Europe"
2016,"HR","HUMAN_OBSERVATION","Caudata",19,"Croatia","Europe"
2016,"HR","UNKNOWN","Anura",6,"Croatia","Europe"
2016,"HT","HUMAN_OBSERVATION","Anura",3,"Haiti","Americas"
2016,"HU","HUMAN_OBSERVATION","Anura",18,"Hungary","Europe"
2016,"HU","HUMAN_OBSERVATION","Caudata",6,"Hungary","Europe"
2016,"ID","HUMAN_OBSERVATION","Anura",227,"Indonesia","Asia"
2016,"ID","HUMAN_OBSERVATION","Gymnophiona",1,"Indonesia","Asia"
2016,"IE","HUMAN_OBSERVATION","Anura",13,"Ireland","Europe"
2016,"IE","HUMAN_OBSERVATION","Caudata",1,"Ireland","Europe"
2016,"IL","HUMAN_OBSERVATION","Anura",20,"Israel","Asia"
2016,"IL","HUMAN_OBSERVATION","Caudata",4,"Israel","Asia"
2016,"IM","HUMAN_OBSERVATION","Anura",2,"Isle of Man","Europe"
2016,"IN","HUMAN_OBSERVATION","Anura",254,"India","Asia"
2016,"IN","HUMAN_OBSERVATION","Caudata",2,"India","Asia"
2016,"IN","HUMAN_OBSERVATION","Gymnophiona",1,"India","Asia"
2016,"IN","MATERIAL_SAMPLE","Anura",7,"India","Asia"
2016,"IN","PRESERVED_SPECIMEN","Anura",24,"India","Asia"
2016,"IN","PRESERVED_SPECIMEN","Gymnophiona",3,"India","Asia"
2016,"IQ","HUMAN_OBSERVATION","Anura",11,"Iraq","Asia"
2016,"IR","HUMAN_OBSERVATION","Anura",23,"Iran","Asia"
2016,"IR","HUMAN_OBSERVATION","Caudata",5,"Iran","Asia"
2016,"IT","HUMAN_OBSERVATION","Anura",641,"Italy","Europe"
2016,"IT","HUMAN_OBSERVATION","Caudata",250,"Italy","Europe"
2016,"IT","UNKNOWN","Anura",1,"Italy","Europe"
2016,"IT","UNKNOWN","Caudata",1,"Italy","Europe"
2016,"JM","HUMAN_OBSERVATION","Anura",4,"Jamaica","Americas"
2016,"JO","HUMAN_OBSERVATION","Anura",1,"Jordan","Asia"
2016,"JP","HUMAN_OBSERVATION","Anura",24,"Japan","Asia"
2016,"JP","HUMAN_OBSERVATION","Caudata",9,"Japan","Asia"
2016,"JP","PRESERVED_SPECIMEN","Anura",172,"Japan","Asia"
2016,"JP","PRESERVED_SPECIMEN","Caudata",8,"Japan","Asia"
2016,"JP","PRESERVED_SPECIMEN","Gymnophiona",1,"Japan","Asia"
2016,"KE","HUMAN_OBSERVATION","Anura",16,"Kenya","Africa"
2016,"KE","PRESERVED_SPECIMEN","Anura",16,"Kenya","Africa"
2016,"KE","PRESERVED_SPECIMEN","Gymnophiona",15,"Kenya","Africa"
2016,"KH","HUMAN_OBSERVATION","Anura",4,"Cambodia","Asia"
2016,"KR","HUMAN_OBSERVATION","Anura",342,"South Korea","Asia"
2016,"KR","HUMAN_OBSERVATION","Caudata",59,"South Korea","Asia"
2016,"KY","HUMAN_OBSERVATION","Anura",6,"Cayman Islands","Americas"
2016,"LA","HUMAN_OBSERVATION","Anura",2,"Laos","Asia"
2016,"LB","HUMAN_OBSERVATION","Caudata",2,"Lebanon","Asia"
2016,"LK","HUMAN_OBSERVATION","Anura",25,"Sri Lanka","Asia"
2016,"LT","HUMAN_OBSERVATION","Anura",5,"Lithuania","Europe"
2016,"LU","HUMAN_OBSERVATION","",6,"Luxembourg","Europe"
2016,"LU","HUMAN_OBSERVATION","Anura",137,"Luxembourg","Europe"
2016,"LU","HUMAN_OBSERVATION","Caudata",187,"Luxembourg","Europe"
2016,"LV","HUMAN_OBSERVATION","Anura",2,"Latvia","Europe"
2016,"MA","HUMAN_OBSERVATION","Anura",54,"Morocco","Africa"
2016,"MA","HUMAN_OBSERVATION","Caudata",1,"Morocco","Africa"
2016,"ME","HUMAN_OBSERVATION","Anura",2,"Montenegro","Europe"
2016,"ME","HUMAN_OBSERVATION","Caudata",1,"Montenegro","Europe"
2016,"MG","HUMAN_OBSERVATION","Anura",144,"Madagascar","Africa"
2016,"MG","MATERIAL_SAMPLE","Anura",20,"Madagascar","Africa"
2016,"MG","PRESERVED_SPECIMEN","Anura",800,"Madagascar","Africa"
2016,"MK","HUMAN_OBSERVATION","Anura",15,"North Macedonia","Europe"
2016,"MK","HUMAN_OBSERVATION","Caudata",2,"North Macedonia","Europe"
2016,"MM","HUMAN_OBSERVATION","Anura",1,"Myanmar (Burma)","Asia"
2016,"MM","MATERIAL_SAMPLE","Anura",236,"Myanmar (Burma)","Asia"
2016,"MM","MATERIAL_SAMPLE","Gymnophiona",1,"Myanmar (Burma)","Asia"
2016,"MM","PRESERVED_SPECIMEN","Anura",30,"Myanmar (Burma)","Asia"
2016,"MQ","HUMAN_OBSERVATION","Anura",5,"Martinique","Americas"
2016,"MT","HUMAN_OBSERVATION","Anura",1,"Malta","Europe"
2016,"MX","HUMAN_OBSERVATION","Anura",1011,"Mexico","Americas"
2016,"MX","HUMAN_OBSERVATION","Caudata",139,"Mexico","Americas"
2016,"MX","HUMAN_OBSERVATION","Gymnophiona",2,"Mexico","Americas"
2016,"MX","MATERIAL_SAMPLE","Anura",2,"Mexico","Americas"
2016,"MX","PRESERVED_SPECIMEN","Anura",49,"Mexico","Americas"
2016,"MX","PRESERVED_SPECIMEN","Caudata",6,"Mexico","Americas"
2016,"MY","HUMAN_OBSERVATION","Anura",59,"Malaysia","Asia"
2016,"MY","MATERIAL_SAMPLE","Anura",2,"Malaysia","Asia"
2016,"MY","PRESERVED_SPECIMEN","Anura",69,"Malaysia","Asia"
2016,"MZ","HUMAN_OBSERVATION","Anura",8,"Mozambique","Africa"
2016,"NC","HUMAN_OBSERVATION","Anura",2,"New Caledonia","Oceania"
2016,"NE","HUMAN_OBSERVATION","Anura",6,"Niger","Africa"
2016,"NI","HUMAN_OBSERVATION","Anura",15,"Nicaragua","Americas"
2016,"NL","HUMAN_OBSERVATION","Anura",11514,"Netherlands","Europe"
2016,"NL","HUMAN_OBSERVATION","Caudata",2543,"Netherlands","Europe"
2016,"NL","PRESERVED_SPECIMEN","Anura",1,"Netherlands","Europe"
2016,"NO","HUMAN_OBSERVATION","Anura",588,"Norway","Europe"
2016,"NO","HUMAN_OBSERVATION","Caudata",244,"Norway","Europe"
2016,"NO","PRESERVED_SPECIMEN","Anura",2,"Norway","Europe"
2016,"NO","PRESERVED_SPECIMEN","Caudata",1,"Norway","Europe"
2016,"NZ","HUMAN_OBSERVATION","Anura",81,"New Zealand","Oceania"
2016,"OM","HUMAN_OBSERVATION","Anura",1,"Oman","Asia"
2016,"PA","HUMAN_OBSERVATION","Anura",95,"Panama","Americas"
2016,"PA","HUMAN_OBSERVATION","Caudata",1,"Panama","Americas"
2016,"PA","PRESERVED_SPECIMEN","Anura",98,"Panama","Americas"
2016,"PA","PRESERVED_SPECIMEN","Caudata",5,"Panama","Americas"
2016,"PA","PRESERVED_SPECIMEN","Gymnophiona",1,"Panama","Americas"
2016,"PE","HUMAN_OBSERVATION","Anura",122,"Peru","Americas"
2016,"PE","HUMAN_OBSERVATION","Caudata",2,"Peru","Americas"
2016,"PE","PRESERVED_SPECIMEN","Anura",18,"Peru","Americas"
2016,"PG","PRESERVED_SPECIMEN","Anura",4,"Papua New Guinea","Oceania"
2016,"PH","HUMAN_OBSERVATION","Anura",11,"Philippines","Asia"
2016,"PH","PRESERVED_SPECIMEN","Anura",1549,"Philippines","Asia"
2016,"PL","HUMAN_OBSERVATION","Anura",125,"Poland","Europe"
2016,"PL","HUMAN_OBSERVATION","Caudata",10,"Poland","Europe"
2016,"PR","HUMAN_OBSERVATION","Anura",47,"Puerto Rico","Americas"
2016,"PR","MATERIAL_SAMPLE","Anura",1,"Puerto Rico","Americas"
2016,"PS","HUMAN_OBSERVATION","Anura",1,"Palestinian Territories","Asia"
2016,"PT","HUMAN_OBSERVATION","Anura",820,"Portugal","Europe"
2016,"PT","HUMAN_OBSERVATION","Caudata",262,"Portugal","Europe"
2016,"PT","UNKNOWN","Anura",6,"Portugal","Europe"
2016,"PT","UNKNOWN","Caudata",1,"Portugal","Europe"
2016,"PY","HUMAN_OBSERVATION","Anura",1,"Paraguay","Americas"
2016,"RE","HUMAN_OBSERVATION","Anura",4,"Réunion","Africa"
2016,"RO","HUMAN_OBSERVATION","Anura",43,"Romania","Europe"
2016,"RO","HUMAN_OBSERVATION","Caudata",5,"Romania","Europe"
2016,"RS","HUMAN_OBSERVATION","Anura",5,"Serbia","Europe"
2016,"RS","HUMAN_OBSERVATION","Caudata",1,"Serbia","Europe"
2016,"RS","PRESERVED_SPECIMEN","Caudata",21,"Serbia","Europe"
2016,"RU","HUMAN_OBSERVATION","Anura",184,"Russia","Europe"
2016,"RU","HUMAN_OBSERVATION","Caudata",11,"Russia","Europe"
2016,"RW","HUMAN_OBSERVATION","Anura",1,"Rwanda","Africa"
2016,"RW","MACHINE_OBSERVATION","Anura",1,"Rwanda","Africa"
2016,"SB","PRESERVED_SPECIMEN","Anura",63,"Solomon Islands","Oceania"
2016,"SC","HUMAN_OBSERVATION","Anura",2,"Seychelles","Africa"
2016,"SD","PRESERVED_SPECIMEN","Anura",101,"Sudan","Africa"
2016,"SE","HUMAN_OBSERVATION","",2,"Sweden","Europe"
2016,"SE","HUMAN_OBSERVATION","Anura",3082,"Sweden","Europe"
2016,"SE","HUMAN_OBSERVATION","Caudata",787,"Sweden","Europe"
2016,"SG","HUMAN_OBSERVATION","Anura",34,"Singapore","Asia"
2016,"SI","HUMAN_OBSERVATION","Anura",16,"Slovenia","Europe"
2016,"SI","HUMAN_OBSERVATION","Caudata",16,"Slovenia","Europe"
2016,"SI","UNKNOWN","Anura",5,"Slovenia","Europe"
2016,"SI","UNKNOWN","Caudata",11,"Slovenia","Europe"
2016,"SK","HUMAN_OBSERVATION","Anura",18,"Slovakia","Europe"
2016,"SK","HUMAN_OBSERVATION","Caudata",7,"Slovakia","Europe"
2016,"SL","HUMAN_OBSERVATION","Anura",2,"Sierra Leone","Africa"
2016,"SN","HUMAN_OBSERVATION","Anura",1,"Senegal","Africa"
2016,"SR","HUMAN_OBSERVATION","Anura",25,"Suriname","Americas"
2016,"SR","MACHINE_OBSERVATION","",3,"Suriname","Americas"
2016,"SR","PRESERVED_SPECIMEN","Anura",2,"Suriname","Americas"
2016,"ST","HUMAN_OBSERVATION","Anura",3,"São Tomé & Príncipe","Africa"
2016,"ST","PRESERVED_SPECIMEN","Anura",46,"São Tomé & Príncipe","Africa"
2016,"ST","PRESERVED_SPECIMEN","Gymnophiona",7,"São Tomé & Príncipe","Africa"
2016,"SV","HUMAN_OBSERVATION","Anura",10,"El Salvador","Americas"
2016,"SV","HUMAN_OBSERVATION","Gymnophiona",2,"El Salvador","Americas"
2016,"SZ","HUMAN_OBSERVATION","Anura",1,"Eswatini","Africa"
2016,"TH","HUMAN_OBSERVATION","Anura",47,"Thailand","Asia"
2016,"TH","PRESERVED_SPECIMEN","Anura",1,"Thailand","Asia"
2016,"TL","HUMAN_OBSERVATION","Anura",2,"Timor-Leste","Asia"
2016,"TR","HUMAN_OBSERVATION","Anura",3,"Turkey","Asia"
2016,"TT","HUMAN_OBSERVATION","Anura",12,"Trinidad & Tobago","Americas"
2016,"TW","HUMAN_OBSERVATION","Anura",30634,"Taiwan","Asia"
2016,"TW","HUMAN_OBSERVATION","Caudata",2,"Taiwan","Asia"
2016,"TW","MATERIAL_SAMPLE","Anura",8,"Taiwan","Asia"
2016,"TW","PRESERVED_SPECIMEN","Anura",9,"Taiwan","Asia"
2016,"TZ","HUMAN_OBSERVATION","Anura",12,"Tanzania","Africa"
2016,"UA","HUMAN_OBSERVATION","Anura",25,"Ukraine","Europe"
2016,"UA","HUMAN_OBSERVATION","Caudata",9,"Ukraine","Europe"
2016,"UG","HUMAN_OBSERVATION","Anura",1,"Uganda","Africa"
2016,"US","FOSSIL_SPECIMEN","",9,"United States","Americas"
2016,"US","FOSSIL_SPECIMEN","Caudata",3,"United States","Americas"
2016,"US","HUMAN_OBSERVATION","",1,"United States","Americas"
2016,"US","HUMAN_OBSERVATION","Anura",9284,"United States","Americas"
2016,"US","HUMAN_OBSERVATION","Caudata",5118,"United States","Americas"
2016,"US","MACHINE_OBSERVATION","Anura",19,"United States","Americas"
2016,"US","MACHINE_OBSERVATION","Caudata",26,"United States","Americas"
2016,"US","MATERIAL_SAMPLE","Anura",13,"United States","Americas"
2016,"US","MATERIAL_SAMPLE","Caudata",8,"United States","Americas"
2016,"US","PRESERVED_SPECIMEN","Anura",3002,"United States","Americas"
2016,"US","PRESERVED_SPECIMEN","Caudata",738,"United States","Americas"
2016,"US","UNKNOWN","Anura",232,"United States","Americas"
2016,"US","UNKNOWN","Caudata",27,"United States","Americas"
2016,"UY","HUMAN_OBSERVATION","Anura",33,"Uruguay","Americas"
2016,"UZ","HUMAN_OBSERVATION","Anura",1,"Uzbekistan","Asia"
2016,"VE","HUMAN_OBSERVATION","Anura",7,"Venezuela","Americas"
2016,"VG","HUMAN_OBSERVATION","Anura",1,"British Virgin Islands","Americas"
2016,"VI","HUMAN_OBSERVATION","Anura",8,"U.S. Virgin Islands","Americas"
2016,"VN","HUMAN_OBSERVATION","Anura",8,"Vietnam","Asia"
2016,"VN","PRESERVED_SPECIMEN","Anura",9,"Vietnam","Asia"
2016,"ZA","HUMAN_OBSERVATION","Anura",439,"South Africa","Africa"
2016,"ZA","MATERIAL_SAMPLE","Anura",70,"South Africa","Africa"
2016,"ZA","PRESERVED_SPECIMEN","",2,"South Africa","Africa"
2016,"ZA","PRESERVED_SPECIMEN","Anura",68,"South Africa","Africa"
2016,"ZM","HUMAN_OBSERVATION","Anura",6,"Zambia","Africa"
2016,"ZW","HUMAN_OBSERVATION","Anura",10,"Zimbabwe","Africa"
2016,"ZZ","MATERIAL_SAMPLE","Anura",50,NA,NA
2016,"ZZ","PRESERVED_SPECIMEN","Anura",1,NA,NA
2016,NA,"HUMAN_OBSERVATION","Anura",1,NA,NA
2016,NA,"PRESERVED_SPECIMEN","Anura",3,NA,NA
2017,"","HUMAN_OBSERVATION","Anura",272,NA,NA
2017,"","HUMAN_OBSERVATION","Caudata",82,NA,NA
2017,"","HUMAN_OBSERVATION","Gymnophiona",2,NA,NA
2017,"","PRESERVED_SPECIMEN","Anura",46,NA,NA
2017,"","PRESERVED_SPECIMEN","Caudata",39,NA,NA
2017,"","UNKNOWN","Anura",9,NA,NA
2017,"","UNKNOWN","Caudata",18,NA,NA
2017,"AE","HUMAN_OBSERVATION","Anura",3,"United Arab Emirates","Asia"
2017,"AL","HUMAN_OBSERVATION","Anura",6,"Albania","Europe"
2017,"AL","HUMAN_OBSERVATION","Caudata",3,"Albania","Europe"
2017,"AM","HUMAN_OBSERVATION","Anura",3,"Armenia","Asia"
2017,"AO","PRESERVED_SPECIMEN","Anura",124,"Angola","Africa"
2017,"AR","HUMAN_OBSERVATION","Anura",126,"Argentina","Americas"
2017,"AS","HUMAN_OBSERVATION","Anura",1,"American Samoa","Oceania"
2017,"AT","HUMAN_OBSERVATION","Anura",767,"Austria","Europe"
2017,"AT","HUMAN_OBSERVATION","Caudata",811,"Austria","Europe"
2017,"AT","MATERIAL_SAMPLE","Anura",8,"Austria","Europe"
2017,"AT","UNKNOWN","Anura",31,"Austria","Europe"
2017,"AT","UNKNOWN","Caudata",9,"Austria","Europe"
2017,"AU","HUMAN_OBSERVATION","",5,"Australia","Oceania"
2017,"AU","HUMAN_OBSERVATION","Anura",11574,"Australia","Oceania"
2017,"AU","MATERIAL_SAMPLE","Anura",124,"Australia","Oceania"
2017,"AU","OBSERVATION","Anura",929,"Australia","Oceania"
2017,"AU","PRESERVED_SPECIMEN","Anura",161,"Australia","Oceania"
2017,"AU","UNKNOWN","Anura",13588,"Australia","Oceania"
2017,"AW","HUMAN_OBSERVATION","Anura",1,"Aruba","Americas"
2017,"BA","HUMAN_OBSERVATION","Anura",1,"Bosnia & Herzegovina","Europe"
2017,"BE","HUMAN_OBSERVATION","Anura",468,"Belgium","Europe"
2017,"BE","HUMAN_OBSERVATION","Caudata",412,"Belgium","Europe"
2017,"BF","PRESERVED_SPECIMEN","Anura",114,"Burkina Faso","Africa"
2017,"BG","HUMAN_OBSERVATION","Anura",75,"Bulgaria","Europe"
2017,"BG","HUMAN_OBSERVATION","Caudata",18,"Bulgaria","Europe"
2017,"BN","HUMAN_OBSERVATION","Anura",2,"Brunei","Asia"
2017,"BO","HUMAN_OBSERVATION","Anura",27,"Bolivia","Americas"
2017,"BR","HUMAN_OBSERVATION","Anura",219,"Brazil","Americas"
2017,"BR","MATERIAL_SAMPLE","Anura",12,"Brazil","Americas"
2017,"BR","PRESERVED_SPECIMEN","Anura",2649,"Brazil","Americas"
2017,"BR","PRESERVED_SPECIMEN","Caudata",1,"Brazil","Americas"
2017,"BR","PRESERVED_SPECIMEN","Gymnophiona",7,"Brazil","Americas"
2017,"BS","HUMAN_OBSERVATION","Anura",3,"Bahamas","Americas"
2017,"BW","HUMAN_OBSERVATION","Anura",10,"Botswana","Africa"
2017,"BY","HUMAN_OBSERVATION","Anura",19,"Belarus","Europe"
2017,"BY","HUMAN_OBSERVATION","Caudata",1,"Belarus","Europe"
2017,"BZ","HUMAN_OBSERVATION","Anura",26,"Belize","Americas"
2017,"BZ","HUMAN_OBSERVATION","Caudata",1,"Belize","Americas"
2017,"CA","HUMAN_OBSERVATION","Anura",1840,"Canada","Americas"
2017,"CA","HUMAN_OBSERVATION","Caudata",630,"Canada","Americas"
2017,"CA","MATERIAL_SAMPLE","Anura",2,"Canada","Americas"
2017,"CA","PRESERVED_SPECIMEN","Anura",38,"Canada","Americas"
2017,"CA","PRESERVED_SPECIMEN","Caudata",11,"Canada","Americas"
2017,"CD","HUMAN_OBSERVATION","Anura",2,"Congo - Kinshasa","Africa"
2017,"CD","PRESERVED_SPECIMEN","Anura",147,"Congo - Kinshasa","Africa"
2017,"CG","PRESERVED_SPECIMEN","Anura",245,"Congo - Brazzaville","Africa"
2017,"CG","PRESERVED_SPECIMEN","Gymnophiona",4,"Congo - Brazzaville","Africa"
2017,"CH","HUMAN_OBSERVATION","Anura",115,"Switzerland","Europe"
2017,"CH","HUMAN_OBSERVATION","Caudata",61,"Switzerland","Europe"
2017,"CL","HUMAN_OBSERVATION","Anura",37,"Chile","Americas"
2017,"CM","HUMAN_OBSERVATION","Anura",2,"Cameroon","Africa"
2017,"CM","PRESERVED_SPECIMEN","Anura",82,"Cameroon","Africa"
2017,"CN","HUMAN_OBSERVATION","Anura",87,"China","Asia"
2017,"CN","HUMAN_OBSERVATION","Caudata",1,"China","Asia"
2017,"CN","MATERIAL_SAMPLE","Anura",2,"China","Asia"
2017,"CN","PRESERVED_SPECIMEN","Anura",5,"China","Asia"
2017,"CO","HUMAN_OBSERVATION","Anura",2366,"Colombia","Americas"
2017,"CO","HUMAN_OBSERVATION","Caudata",47,"Colombia","Americas"
2017,"CO","HUMAN_OBSERVATION","Gymnophiona",1,"Colombia","Americas"
2017,"CO","MACHINE_OBSERVATION","Anura",13,"Colombia","Americas"
2017,"CO","MATERIAL_SAMPLE","Anura",56,"Colombia","Americas"
2017,"CO","MATERIAL_SAMPLE","Caudata",1,"Colombia","Americas"
2017,"CO","PRESERVED_SPECIMEN","",1,"Colombia","Americas"
2017,"CO","PRESERVED_SPECIMEN","Anura",883,"Colombia","Americas"
2017,"CO","PRESERVED_SPECIMEN","Caudata",11,"Colombia","Americas"
2017,"CO","PRESERVED_SPECIMEN","Gymnophiona",12,"Colombia","Americas"
2017,"CR","HUMAN_OBSERVATION","Anura",663,"Costa Rica","Americas"
2017,"CR","HUMAN_OBSERVATION","Caudata",4,"Costa Rica","Americas"
2017,"CR","HUMAN_OBSERVATION","Gymnophiona",1,"Costa Rica","Americas"
2017,"CR","MATERIAL_SAMPLE","Anura",6,"Costa Rica","Americas"
2017,"CU","HUMAN_OBSERVATION","Anura",29,"Cuba","Americas"
2017,"CY","HUMAN_OBSERVATION","Anura",2,"Cyprus","Asia"
2017,"CZ","HUMAN_OBSERVATION","Anura",24,"Czechia","Europe"
2017,"CZ","HUMAN_OBSERVATION","Caudata",5,"Czechia","Europe"
2017,"DE","HUMAN_OBSERVATION","Anura",3372,"Germany","Europe"
2017,"DE","HUMAN_OBSERVATION","Caudata",1485,"Germany","Europe"
2017,"DE","MATERIAL_SAMPLE","Anura",2,"Germany","Europe"
2017,"DE","PRESERVED_SPECIMEN","Caudata",6,"Germany","Europe"
2017,"DE","UNKNOWN","Anura",9,"Germany","Europe"
2017,"DE","UNKNOWN","Caudata",3,"Germany","Europe"
2017,"DK","HUMAN_OBSERVATION","",12,"Denmark","Europe"
2017,"DK","HUMAN_OBSERVATION","Anura",1373,"Denmark","Europe"
2017,"DK","HUMAN_OBSERVATION","Caudata",473,"Denmark","Europe"
2017,"DO","HUMAN_OBSERVATION","Anura",23,"Dominican Republic","Americas"
2017,"DZ","HUMAN_OBSERVATION","Anura",3,"Algeria","Africa"
2017,"EC","HUMAN_OBSERVATION","Anura",368,"Ecuador","Americas"
2017,"EC","HUMAN_OBSERVATION","Caudata",6,"Ecuador","Americas"
2017,"EC","PRESERVED_SPECIMEN","Anura",1,"Ecuador","Americas"
2017,"EE","HUMAN_OBSERVATION","",1,"Estonia","Europe"
2017,"EE","HUMAN_OBSERVATION","Anura",276,"Estonia","Europe"
2017,"EE","HUMAN_OBSERVATION","Caudata",171,"Estonia","Europe"
2017,"ER","PRESERVED_SPECIMEN","Anura",79,"Eritrea","Africa"
2017,"ES","HUMAN_OBSERVATION","Anura",1685,"Spain","Europe"
2017,"ES","HUMAN_OBSERVATION","Caudata",399,"Spain","Europe"
2017,"ES","UNKNOWN","Anura",4,"Spain","Europe"
2017,"FI","HUMAN_OBSERVATION","Anura",27,"Finland","Europe"
2017,"FI","HUMAN_OBSERVATION","Caudata",3,"Finland","Europe"
2017,"FJ","HUMAN_OBSERVATION","Anura",8,"Fiji","Oceania"
2017,"FR","HUMAN_OBSERVATION","Anura",14073,"France","Europe"
2017,"FR","HUMAN_OBSERVATION","Caudata",4598,"France","Europe"
2017,"FR","MATERIAL_SAMPLE","Anura",4,"France","Europe"
2017,"FR","PRESERVED_SPECIMEN","Anura",7,"France","Europe"
2017,"GA","HUMAN_OBSERVATION","Anura",2,"Gabon","Africa"
2017,"GA","PRESERVED_SPECIMEN","Anura",195,"Gabon","Africa"
2017,"GB","HUMAN_OBSERVATION","",19,"United Kingdom","Europe"
2017,"GB","HUMAN_OBSERVATION","Anura",1543,"United Kingdom","Europe"
2017,"GB","HUMAN_OBSERVATION","Caudata",8014,"United Kingdom","Europe"
2017,"GD","HUMAN_OBSERVATION","Anura",1,"Grenada","Americas"
2017,"GE","HUMAN_OBSERVATION","Anura",53,"Georgia","Asia"
2017,"GE","HUMAN_OBSERVATION","Caudata",2,"Georgia","Asia"
2017,"GF","HUMAN_OBSERVATION","Anura",25,"French Guiana","Americas"
2017,"GG","HUMAN_OBSERVATION","Anura",1,"Guernsey","Europe"
2017,"GM","HUMAN_OBSERVATION","Anura",2,"Gambia","Africa"
2017,"GR","HUMAN_OBSERVATION","Anura",105,"Greece","Europe"
2017,"GR","HUMAN_OBSERVATION","Caudata",9,"Greece","Europe"
2017,"GR","UNKNOWN","Anura",10,"Greece","Europe"
2017,"GT","HUMAN_OBSERVATION","Anura",34,"Guatemala","Americas"
2017,"GT","HUMAN_OBSERVATION","Caudata",13,"Guatemala","Americas"
2017,"GU","HUMAN_OBSERVATION","Anura",4,"Guam","Oceania"
2017,"GU","PRESERVED_SPECIMEN","Anura",2,"Guam","Oceania"
2017,"GY","HUMAN_OBSERVATION","Anura",25,"Guyana","Americas"
2017,"HK","HUMAN_OBSERVATION","Anura",94,"Hong Kong SAR China","Asia"
2017,"HK","HUMAN_OBSERVATION","Caudata",9,"Hong Kong SAR China","Asia"
2017,"HN","HUMAN_OBSERVATION","Anura",62,"Honduras","Americas"
2017,"HN","HUMAN_OBSERVATION","Caudata",10,"Honduras","Americas"
2017,"HN","HUMAN_OBSERVATION","Gymnophiona",3,"Honduras","Americas"
2017,"HR","HUMAN_OBSERVATION","Anura",67,"Croatia","Europe"
2017,"HR","HUMAN_OBSERVATION","Caudata",15,"Croatia","Europe"
2017,"HT","HUMAN_OBSERVATION","Anura",1,"Haiti","Americas"
2017,"HU","HUMAN_OBSERVATION","Anura",44,"Hungary","Europe"
2017,"HU","HUMAN_OBSERVATION","Caudata",3,"Hungary","Europe"
2017,"ID","HUMAN_OBSERVATION","Anura",543,"Indonesia","Asia"
2017,"ID","PRESERVED_SPECIMEN","Anura",1,"Indonesia","Asia"
2017,"IE","HUMAN_OBSERVATION","Anura",6,"Ireland","Europe"
2017,"IE","HUMAN_OBSERVATION","Caudata",2,"Ireland","Europe"
2017,"IL","HUMAN_OBSERVATION","Anura",23,"Israel","Asia"
2017,"IM","HUMAN_OBSERVATION","Caudata",1,"Isle of Man","Europe"
2017,"IN","HUMAN_OBSERVATION","Anura",248,"India","Asia"
2017,"IN","HUMAN_OBSERVATION","Gymnophiona",1,"India","Asia"
2017,"IN","PRESERVED_SPECIMEN","Anura",5,"India","Asia"
2017,"IR","HUMAN_OBSERVATION","Anura",50,"Iran","Asia"
2017,"IR","HUMAN_OBSERVATION","Caudata",5,"Iran","Asia"
2017,"IT","HUMAN_OBSERVATION","Anura",880,"Italy","Europe"
2017,"IT","HUMAN_OBSERVATION","Caudata",537,"Italy","Europe"
2017,"IT","UNKNOWN","Anura",5,"Italy","Europe"
2017,"IT","UNKNOWN","Caudata",1,"Italy","Europe"
2017,"JE","HUMAN_OBSERVATION","Anura",3,"Jersey","Europe"
2017,"JO","HUMAN_OBSERVATION","Anura",4,"Jordan","Asia"
2017,"JP","HUMAN_OBSERVATION","Anura",79,"Japan","Asia"
2017,"JP","HUMAN_OBSERVATION","Caudata",17,"Japan","Asia"
2017,"JP","PRESERVED_SPECIMEN","Anura",17,"Japan","Asia"
2017,"KE","HUMAN_OBSERVATION","Anura",9,"Kenya","Africa"
2017,"KE","MATERIAL_SAMPLE","Anura",17,"Kenya","Africa"
2017,"KE","PRESERVED_SPECIMEN","Anura",62,"Kenya","Africa"
2017,"KE","PRESERVED_SPECIMEN","Gymnophiona",8,"Kenya","Africa"
2017,"KG","HUMAN_OBSERVATION","Anura",1,"Kyrgyzstan","Asia"
2017,"KH","HUMAN_OBSERVATION","Anura",8,"Cambodia","Asia"
2017,"KR","HUMAN_OBSERVATION","Anura",336,"South Korea","Asia"
2017,"KR","HUMAN_OBSERVATION","Caudata",74,"South Korea","Asia"
2017,"KY","HUMAN_OBSERVATION","Anura",1,"Cayman Islands","Americas"
2017,"LB","HUMAN_OBSERVATION","Anura",4,"Lebanon","Asia"
2017,"LC","HUMAN_OBSERVATION","Anura",3,"St. Lucia","Americas"
2017,"LI","HUMAN_OBSERVATION","Anura",1,"Liechtenstein","Europe"
2017,"LK","HUMAN_OBSERVATION","Anura",25,"Sri Lanka","Asia"
2017,"LS","HUMAN_OBSERVATION","Anura",6,"Lesotho","Africa"
2017,"LT","HUMAN_OBSERVATION","Anura",10,"Lithuania","Europe"
2017,"LT","HUMAN_OBSERVATION","Caudata",3,"Lithuania","Europe"
2017,"LU","HUMAN_OBSERVATION","",3,"Luxembourg","Europe"
2017,"LU","HUMAN_OBSERVATION","Anura",132,"Luxembourg","Europe"
2017,"LU","HUMAN_OBSERVATION","Caudata",104,"Luxembourg","Europe"
2017,"LV","HUMAN_OBSERVATION","Anura",7,"Latvia","Europe"
2017,"MA","HUMAN_OBSERVATION","Anura",63,"Morocco","Africa"
2017,"MA","HUMAN_OBSERVATION","Caudata",1,"Morocco","Africa"
2017,"ME","HUMAN_OBSERVATION","Anura",18,"Montenegro","Europe"
2017,"ME","HUMAN_OBSERVATION","Caudata",5,"Montenegro","Europe"
2017,"MF","HUMAN_OBSERVATION","Anura",1,"Saint Martin (French part)","Americas"
2017,"MG","HUMAN_OBSERVATION","Anura",60,"Madagascar","Africa"
2017,"MG","PRESERVED_SPECIMEN","Anura",311,"Madagascar","Africa"
2017,"MK","HUMAN_OBSERVATION","Anura",15,"North Macedonia","Europe"
2017,"MK","HUMAN_OBSERVATION","Caudata",2,"North Macedonia","Europe"
2017,"MM","HUMAN_OBSERVATION","Anura",2,"Myanmar (Burma)","Asia"
2017,"MM","MATERIAL_SAMPLE","Anura",191,"Myanmar (Burma)","Asia"
2017,"MM","MATERIAL_SAMPLE","Gymnophiona",1,"Myanmar (Burma)","Asia"
2017,"MN","HUMAN_OBSERVATION","Anura",44,"Mongolia","Asia"
2017,"MN","HUMAN_OBSERVATION","Caudata",2,"Mongolia","Asia"
2017,"MO","HUMAN_OBSERVATION","Anura",1,"Macao SAR China","Asia"
2017,"MQ","HUMAN_OBSERVATION","Anura",5,"Martinique","Americas"
2017,"MT","HUMAN_OBSERVATION","Anura",1,"Malta","Europe"
2017,"MU","HUMAN_OBSERVATION","Anura",3,"Mauritius","Africa"
2017,"MW","HUMAN_OBSERVATION","Anura",11,"Malawi","Africa"
2017,"MX","HUMAN_OBSERVATION","Anura",1262,"Mexico","Americas"
2017,"MX","HUMAN_OBSERVATION","Caudata",81,"Mexico","Americas"
2017,"MX","HUMAN_OBSERVATION","Gymnophiona",3,"Mexico","Americas"
2017,"MX","MATERIAL_SAMPLE","Anura",2,"Mexico","Americas"
2017,"MX","PRESERVED_SPECIMEN","Anura",58,"Mexico","Americas"
2017,"MX","PRESERVED_SPECIMEN","Caudata",3,"Mexico","Americas"
2017,"MY","HUMAN_OBSERVATION","Anura",223,"Malaysia","Asia"
2017,"MY","MATERIAL_SAMPLE","Anura",14,"Malaysia","Asia"
2017,"MY","PRESERVED_SPECIMEN","Anura",17,"Malaysia","Asia"
2017,"MZ","HUMAN_OBSERVATION","Anura",12,"Mozambique","Africa"
2017,"NG","HUMAN_OBSERVATION","Anura",1,"Nigeria","Africa"
2017,"NG","PRESERVED_SPECIMEN","Anura",11,"Nigeria","Africa"
2017,"NI","HUMAN_OBSERVATION","Anura",26,"Nicaragua","Americas"
2017,"NL","HUMAN_OBSERVATION","Anura",10471,"Netherlands","Europe"
2017,"NL","HUMAN_OBSERVATION","Caudata",2256,"Netherlands","Europe"
2017,"NL","PRESERVED_SPECIMEN","Anura",2,"Netherlands","Europe"
2017,"NO","HUMAN_OBSERVATION","",1,"Norway","Europe"
2017,"NO","HUMAN_OBSERVATION","Anura",537,"Norway","Europe"
2017,"NO","HUMAN_OBSERVATION","Caudata",277,"Norway","Europe"
2017,"NO","MATERIAL_SAMPLE","Anura",7,"Norway","Europe"
2017,"NO","MATERIAL_SAMPLE","Caudata",17,"Norway","Europe"
2017,"NO","PRESERVED_SPECIMEN","Anura",1,"Norway","Europe"
2017,"NZ","HUMAN_OBSERVATION","Anura",118,"New Zealand","Oceania"
2017,"OM","HUMAN_OBSERVATION","Anura",2,"Oman","Asia"
2017,"PA","HUMAN_OBSERVATION","Anura",115,"Panama","Americas"
2017,"PE","HUMAN_OBSERVATION","Anura",82,"Peru","Americas"
2017,"PE","HUMAN_OBSERVATION","Caudata",2,"Peru","Americas"
2017,"PE","HUMAN_OBSERVATION","Gymnophiona",1,"Peru","Americas"
2017,"PE","PRESERVED_SPECIMEN","Anura",153,"Peru","Americas"
2017,"PH","HUMAN_OBSERVATION","Anura",42,"Philippines","Asia"
2017,"PH","PRESERVED_SPECIMEN","Anura",1198,"Philippines","Asia"
2017,"PK","HUMAN_OBSERVATION","Anura",1,"Pakistan","Asia"
2017,"PK","PRESERVED_SPECIMEN","Anura",1,"Pakistan","Asia"
2017,"PL","HUMAN_OBSERVATION","Anura",107,"Poland","Europe"
2017,"PL","HUMAN_OBSERVATION","Caudata",11,"Poland","Europe"
2017,"PR","HUMAN_OBSERVATION","Anura",22,"Puerto Rico","Americas"
2017,"PT","HUMAN_OBSERVATION","Anura",753,"Portugal","Europe"
2017,"PT","HUMAN_OBSERVATION","Caudata",245,"Portugal","Europe"
2017,"PT","UNKNOWN","Anura",28,"Portugal","Europe"
2017,"PT","UNKNOWN","Caudata",11,"Portugal","Europe"
2017,"PW","HUMAN_OBSERVATION","Anura",2,"Palau","Oceania"
2017,"PY","HUMAN_OBSERVATION","Anura",1,"Paraguay","Americas"
2017,"RE","HUMAN_OBSERVATION","Anura",9,"Réunion","Africa"
2017,"RO","HUMAN_OBSERVATION","Anura",70,"Romania","Europe"
2017,"RO","HUMAN_OBSERVATION","Caudata",8,"Romania","Europe"
2017,"RS","HUMAN_OBSERVATION","Anura",2,"Serbia","Europe"
2017,"RS","HUMAN_OBSERVATION","Caudata",1,"Serbia","Europe"
2017,"RU","HUMAN_OBSERVATION","Anura",243,"Russia","Europe"
2017,"RU","HUMAN_OBSERVATION","Caudata",27,"Russia","Europe"
2017,"RW","HUMAN_OBSERVATION","Anura",13,"Rwanda","Africa"
2017,"SB","HUMAN_OBSERVATION","Anura",1,"Solomon Islands","Oceania"
2017,"SB","PRESERVED_SPECIMEN","Anura",231,"Solomon Islands","Oceania"
2017,"SC","HUMAN_OBSERVATION","Anura",1,"Seychelles","Africa"
2017,"SE","HUMAN_OBSERVATION","",7,"Sweden","Europe"
2017,"SE","HUMAN_OBSERVATION","Anura",2468,"Sweden","Europe"
2017,"SE","HUMAN_OBSERVATION","Caudata",962,"Sweden","Europe"
2017,"SG","HUMAN_OBSERVATION","Anura",40,"Singapore","Asia"
2017,"SI","HUMAN_OBSERVATION","Anura",28,"Slovenia","Europe"
2017,"SI","HUMAN_OBSERVATION","Caudata",21,"Slovenia","Europe"
2017,"SI","UNKNOWN","Anura",2,"Slovenia","Europe"
2017,"SI","UNKNOWN","Caudata",3,"Slovenia","Europe"
2017,"SK","HUMAN_OBSERVATION","Anura",29,"Slovakia","Europe"
2017,"SK","HUMAN_OBSERVATION","Caudata",5,"Slovakia","Europe"
2017,"SN","HUMAN_OBSERVATION","Anura",9,"Senegal","Africa"
2017,"SR","HUMAN_OBSERVATION","Anura",68,"Suriname","Americas"
2017,"SR","MACHINE_OBSERVATION","",2,"Suriname","Americas"
2017,"ST","HUMAN_OBSERVATION","Anura",3,"São Tomé & Príncipe","Africa"
2017,"ST","HUMAN_OBSERVATION","Gymnophiona",1,"São Tomé & Príncipe","Africa"
2017,"SV","HUMAN_OBSERVATION","Anura",13,"El Salvador","Americas"
2017,"SV","HUMAN_OBSERVATION","Caudata",2,"El Salvador","Americas"
2017,"SZ","HUMAN_OBSERVATION","Anura",1,"Eswatini","Africa"
2017,"TH","HUMAN_OBSERVATION","Anura",52,"Thailand","Asia"
2017,"TH","HUMAN_OBSERVATION","Caudata",1,"Thailand","Asia"
2017,"TH","HUMAN_OBSERVATION","Gymnophiona",1,"Thailand","Asia"
2017,"TH","PRESERVED_SPECIMEN","Anura",10,"Thailand","Asia"
2017,"TR","HUMAN_OBSERVATION","Anura",5,"Turkey","Asia"
2017,"TR","HUMAN_OBSERVATION","Caudata",1,"Turkey","Asia"
2017,"TT","HUMAN_OBSERVATION","Anura",7,"Trinidad & Tobago","Americas"
2017,"TW","HUMAN_OBSERVATION","Anura",317,"Taiwan","Asia"
2017,"TW","HUMAN_OBSERVATION","Caudata",1,"Taiwan","Asia"
2017,"TW","MATERIAL_SAMPLE","Anura",11,"Taiwan","Asia"
2017,"TW","PRESERVED_SPECIMEN","Anura",13,"Taiwan","Asia"
2017,"TZ","HUMAN_OBSERVATION","Anura",34,"Tanzania","Africa"
2017,"UA","HUMAN_OBSERVATION","Anura",42,"Ukraine","Europe"
2017,"UA","HUMAN_OBSERVATION","Caudata",15,"Ukraine","Europe"
2017,"US","FOSSIL_SPECIMEN","",7,"United States","Americas"
2017,"US","HUMAN_OBSERVATION","",1,"United States","Americas"
2017,"US","HUMAN_OBSERVATION","Anura",12212,"United States","Americas"
2017,"US","HUMAN_OBSERVATION","Caudata",5583,"United States","Americas"
2017,"US","MACHINE_OBSERVATION","Anura",43,"United States","Americas"
2017,"US","MACHINE_OBSERVATION","Caudata",40,"United States","Americas"
2017,"US","MATERIAL_SAMPLE","Anura",122,"United States","Americas"
2017,"US","MATERIAL_SAMPLE","Caudata",279,"United States","Americas"
2017,"US","PRESERVED_SPECIMEN","Anura",4176,"United States","Americas"
2017,"US","PRESERVED_SPECIMEN","Caudata",523,"United States","Americas"
2017,"US","UNKNOWN","Anura",157,"United States","Americas"
2017,"US","UNKNOWN","Caudata",23,"United States","Americas"
2017,"UY","HUMAN_OBSERVATION","Anura",40,"Uruguay","Americas"
2017,"UZ","HUMAN_OBSERVATION","Anura",2,"Uzbekistan","Asia"
2017,"VE","HUMAN_OBSERVATION","Anura",3,"Venezuela","Americas"
2017,"VE","HUMAN_OBSERVATION","Caudata",1,"Venezuela","Americas"
2017,"VI","HUMAN_OBSERVATION","Anura",6,"U.S. Virgin Islands","Americas"
2017,"VN","HUMAN_OBSERVATION","Anura",30,"Vietnam","Asia"
2017,"VN","PRESERVED_SPECIMEN","Anura",13,"Vietnam","Asia"
2017,"XK","HUMAN_OBSERVATION","Caudata",2,NA,NA
2017,"ZA","HUMAN_OBSERVATION","Anura",498,"South Africa","Africa"
2017,"ZA","PRESERVED_SPECIMEN","Anura",2,"South Africa","Africa"
2017,"ZM","HUMAN_OBSERVATION","Anura",4,"Zambia","Africa"
2017,"ZM","PRESERVED_SPECIMEN","Anura",3,"Zambia","Africa"
2017,"ZW","HUMAN_OBSERVATION","Anura",21,"Zimbabwe","Africa"
2017,"ZZ","MATERIAL_SAMPLE","Anura",3,NA,NA
2017,NA,"HUMAN_OBSERVATION","Anura",15,NA,NA
2018,"","HUMAN_OBSERVATION","Anura",224,NA,NA
2018,"","HUMAN_OBSERVATION","Caudata",82,NA,NA
2018,"","PRESERVED_SPECIMEN","Anura",12,NA,NA
2018,"","PRESERVED_SPECIMEN","Caudata",5,NA,NA
2018,"","UNKNOWN","Caudata",2,NA,NA
2018,"AD","HUMAN_OBSERVATION","Anura",2,"Andorra","Europe"
2018,"AD","HUMAN_OBSERVATION","Caudata",1,"Andorra","Europe"
2018,"AE","HUMAN_OBSERVATION","Anura",4,"United Arab Emirates","Asia"
2018,"AF","MATERIAL_SAMPLE","Anura",42,"Afghanistan","Asia"
2018,"AL","HUMAN_OBSERVATION","Anura",20,"Albania","Europe"
2018,"AL","HUMAN_OBSERVATION","Caudata",2,"Albania","Europe"
2018,"AM","HUMAN_OBSERVATION","Anura",34,"Armenia","Asia"
2018,"AO","HUMAN_OBSERVATION","Anura",17,"Angola","Africa"
2018,"AO","PRESERVED_SPECIMEN","Anura",73,"Angola","Africa"
2018,"AR","HUMAN_OBSERVATION","Anura",148,"Argentina","Americas"
2018,"AR","PRESERVED_SPECIMEN","Anura",13,"Argentina","Americas"
2018,"AS","HUMAN_OBSERVATION","Anura",1,"American Samoa","Oceania"
2018,"AT","HUMAN_OBSERVATION","Anura",1208,"Austria","Europe"
2018,"AT","HUMAN_OBSERVATION","Caudata",582,"Austria","Europe"
2018,"AT","MATERIAL_SAMPLE","Anura",1,"Austria","Europe"
2018,"AT","UNKNOWN","Anura",13,"Austria","Europe"
2018,"AT","UNKNOWN","Caudata",2,"Austria","Europe"
2018,"AU","HUMAN_OBSERVATION","",46,"Australia","Oceania"
2018,"AU","HUMAN_OBSERVATION","Anura",10553,"Australia","Oceania"
2018,"AU","MATERIAL_SAMPLE","Anura",34,"Australia","Oceania"
2018,"AU","OBSERVATION","Anura",2313,"Australia","Oceania"
2018,"AU","PRESERVED_SPECIMEN","Anura",158,"Australia","Oceania"
2018,"AU","UNKNOWN","Anura",62014,"Australia","Oceania"
2018,"AZ","HUMAN_OBSERVATION","Anura",5,"Azerbaijan","Asia"
2018,"BA","HUMAN_OBSERVATION","Anura",1,"Bosnia & Herzegovina","Europe"
2018,"BA","HUMAN_OBSERVATION","Caudata",1,"Bosnia & Herzegovina","Europe"
2018,"BB","HUMAN_OBSERVATION","Anura",1,"Barbados","Americas"
2018,"BD","HUMAN_OBSERVATION","Anura",2,"Bangladesh","Asia"
2018,"BE","HUMAN_OBSERVATION","Anura",711,"Belgium","Europe"
2018,"BE","HUMAN_OBSERVATION","Caudata",119,"Belgium","Europe"
2018,"BE","PRESERVED_SPECIMEN","Anura",22,"Belgium","Europe"
2018,"BE","PRESERVED_SPECIMEN","Caudata",8,"Belgium","Europe"
2018,"BF","PRESERVED_SPECIMEN","Anura",175,"Burkina Faso","Africa"
2018,"BG","HUMAN_OBSERVATION","Anura",110,"Bulgaria","Europe"
2018,"BG","HUMAN_OBSERVATION","Caudata",12,"Bulgaria","Europe"
2018,"BI","PRESERVED_SPECIMEN","Anura",68,"Burundi","Africa"
2018,"BM","HUMAN_OBSERVATION","Anura",2,"Bermuda","Americas"
2018,"BN","HUMAN_OBSERVATION","Anura",12,"Brunei","Asia"
2018,"BO","HUMAN_OBSERVATION","Anura",26,"Bolivia","Americas"
2018,"BO","HUMAN_OBSERVATION","Gymnophiona",1,"Bolivia","Americas"
2018,"BO","PRESERVED_SPECIMEN","Gymnophiona",2,"Bolivia","Americas"
2018,"BQ","HUMAN_OBSERVATION","Anura",2,"Caribbean Netherlands","Americas"
2018,"BR","HUMAN_OBSERVATION","Anura",430,"Brazil","Americas"
2018,"BR","HUMAN_OBSERVATION","Gymnophiona",2,"Brazil","Americas"
2018,"BR","PRESERVED_SPECIMEN","Anura",1303,"Brazil","Americas"
2018,"BR","PRESERVED_SPECIMEN","Gymnophiona",4,"Brazil","Americas"
2018,"BS","HUMAN_OBSERVATION","Anura",9,"Bahamas","Americas"
2018,"BS","PRESERVED_SPECIMEN","Anura",40,"Bahamas","Americas"
2018,"BT","HUMAN_OBSERVATION","",2,"Bhutan","Asia"
2018,"BT","HUMAN_OBSERVATION","Anura",26,"Bhutan","Asia"
2018,"BW","HUMAN_OBSERVATION","Anura",24,"Botswana","Africa"
2018,"BY","HUMAN_OBSERVATION","Anura",17,"Belarus","Europe"
2018,"BZ","HUMAN_OBSERVATION","Anura",79,"Belize","Americas"
2018,"BZ","HUMAN_OBSERVATION","Caudata",1,"Belize","Americas"
2018,"CA","HUMAN_OBSERVATION","Anura",2794,"Canada","Americas"
2018,"CA","HUMAN_OBSERVATION","Caudata",751,"Canada","Americas"
2018,"CA","MATERIAL_SAMPLE","Anura",23,"Canada","Americas"
2018,"CA","PRESERVED_SPECIMEN","Anura",9,"Canada","Americas"
2018,"CD","HUMAN_OBSERVATION","Anura",7,"Congo - Kinshasa","Africa"
2018,"CH","HUMAN_OBSERVATION","Anura",137,"Switzerland","Europe"
2018,"CH","HUMAN_OBSERVATION","Caudata",48,"Switzerland","Europe"
2018,"CI","HUMAN_OBSERVATION","Anura",1,"Côte d’Ivoire","Africa"
2018,"CL","HUMAN_OBSERVATION","Anura",73,"Chile","Americas"
2018,"CM","HUMAN_OBSERVATION","Anura",7,"Cameroon","Africa"
2018,"CM","PRESERVED_SPECIMEN","Anura",99,"Cameroon","Africa"
2018,"CM","UNKNOWN","Anura",440,"Cameroon","Africa"
2018,"CM","UNKNOWN","Gymnophiona",38,"Cameroon","Africa"
2018,"CN","HUMAN_OBSERVATION","Anura",366,"China","Asia"
2018,"CN","HUMAN_OBSERVATION","Caudata",3,"China","Asia"
2018,"CN","HUMAN_OBSERVATION","Gymnophiona",1,"China","Asia"
2018,"CN","MATERIAL_SAMPLE","Anura",20,"China","Asia"
2018,"CN","PRESERVED_SPECIMEN","Anura",5,"China","Asia"
2018,"CO","HUMAN_OBSERVATION","Anura",1828,"Colombia","Americas"
2018,"CO","HUMAN_OBSERVATION","Caudata",8,"Colombia","Americas"
2018,"CO","MACHINE_OBSERVATION","Anura",44,"Colombia","Americas"
2018,"CO","MATERIAL_SAMPLE","Anura",101,"Colombia","Americas"
2018,"CO","PRESERVED_SPECIMEN","Anura",1899,"Colombia","Americas"
2018,"CO","PRESERVED_SPECIMEN","Caudata",20,"Colombia","Americas"
2018,"CO","PRESERVED_SPECIMEN","Gymnophiona",16,"Colombia","Americas"
2018,"CR","HUMAN_OBSERVATION","Anura",676,"Costa Rica","Americas"
2018,"CR","HUMAN_OBSERVATION","Caudata",3,"Costa Rica","Americas"
2018,"CR","HUMAN_OBSERVATION","Gymnophiona",3,"Costa Rica","Americas"
2018,"CR","PRESERVED_SPECIMEN","Anura",24,"Costa Rica","Americas"
2018,"CR","PRESERVED_SPECIMEN","Caudata",1,"Costa Rica","Americas"
2018,"CU","HUMAN_OBSERVATION","Anura",32,"Cuba","Americas"
2018,"CV","HUMAN_OBSERVATION","Anura",1,"Cape Verde","Africa"
2018,"CY","HUMAN_OBSERVATION","Anura",7,"Cyprus","Asia"
2018,"CZ","HUMAN_OBSERVATION","Anura",54,"Czechia","Europe"
2018,"CZ","HUMAN_OBSERVATION","Caudata",8,"Czechia","Europe"
2018,"DE","HUMAN_OBSERVATION","Anura",3863,"Germany","Europe"
2018,"DE","HUMAN_OBSERVATION","Caudata",1417,"Germany","Europe"
2018,"DE","PRESERVED_SPECIMEN","Anura",81,"Germany","Europe"
2018,"DE","PRESERVED_SPECIMEN","Caudata",33,"Germany","Europe"
2018,"DE","UNKNOWN","Anura",8,"Germany","Europe"
2018,"DE","UNKNOWN","Caudata",7,"Germany","Europe"
2018,"DK","HUMAN_OBSERVATION","",20,"Denmark","Europe"
2018,"DK","HUMAN_OBSERVATION","Anura",2086,"Denmark","Europe"
2018,"DK","HUMAN_OBSERVATION","Caudata",723,"Denmark","Europe"
2018,"DO","HUMAN_OBSERVATION","Anura",12,"Dominican Republic","Americas"
2018,"DZ","HUMAN_OBSERVATION","Anura",10,"Algeria","Africa"
2018,"DZ","HUMAN_OBSERVATION","Caudata",3,"Algeria","Africa"
2018,"EC","HUMAN_OBSERVATION","Anura",378,"Ecuador","Americas"
2018,"EC","HUMAN_OBSERVATION","Gymnophiona",1,"Ecuador","Americas"
2018,"EC","PRESERVED_SPECIMEN","Anura",5,"Ecuador","Americas"
2018,"EE","HUMAN_OBSERVATION","",1,"Estonia","Europe"
2018,"EE","HUMAN_OBSERVATION","Anura",38,"Estonia","Europe"
2018,"EE","HUMAN_OBSERVATION","Caudata",10,"Estonia","Europe"
2018,"EG","HUMAN_OBSERVATION","Anura",2,"Egypt","Africa"
2018,"ER","PRESERVED_SPECIMEN","Anura",61,"Eritrea","Africa"
2018,"ES","HUMAN_OBSERVATION","Anura",2311,"Spain","Europe"
2018,"ES","HUMAN_OBSERVATION","Caudata",709,"Spain","Europe"
2018,"ES","UNKNOWN","Anura",11,"Spain","Europe"
2018,"ET","HUMAN_OBSERVATION","Anura",34,"Ethiopia","Africa"
2018,"FI","HUMAN_OBSERVATION","Anura",19,"Finland","Europe"
2018,"FI","HUMAN_OBSERVATION","Caudata",1,"Finland","Europe"
2018,"FJ","HUMAN_OBSERVATION","Anura",7,"Fiji","Oceania"
2018,"FR","HUMAN_OBSERVATION","",1,"France","Europe"
2018,"FR","HUMAN_OBSERVATION","Anura",22210,"France","Europe"
2018,"FR","HUMAN_OBSERVATION","Caudata",7629,"France","Europe"
2018,"GA","PRESERVED_SPECIMEN","Anura",149,"Gabon","Africa"
2018,"GB","HUMAN_OBSERVATION","",30,"United Kingdom","Europe"
2018,"GB","HUMAN_OBSERVATION","Anura",1692,"United Kingdom","Europe"
2018,"GB","HUMAN_OBSERVATION","Caudata",2157,"United Kingdom","Europe"
2018,"GB","PRESERVED_SPECIMEN","Anura",7,"United Kingdom","Europe"
2018,"GE","HUMAN_OBSERVATION","Anura",24,"Georgia","Asia"
2018,"GE","HUMAN_OBSERVATION","Caudata",1,"Georgia","Asia"
2018,"GF","HUMAN_OBSERVATION","Anura",14,"French Guiana","Americas"
2018,"GF","PRESERVED_SPECIMEN","Anura",3,"French Guiana","Americas"
2018,"GH","HUMAN_OBSERVATION","Anura",19,"Ghana","Africa"
2018,"GI","HUMAN_OBSERVATION","Anura",1,"Gibraltar","Europe"
2018,"GM","HUMAN_OBSERVATION","Anura",2,"Gambia","Africa"
2018,"GN","HUMAN_OBSERVATION","Anura",15,"Guinea","Africa"
2018,"GP","HUMAN_OBSERVATION","Anura",1,"Guadeloupe","Americas"
2018,"GR","HUMAN_OBSERVATION","Anura",197,"Greece","Europe"
2018,"GR","HUMAN_OBSERVATION","Caudata",9,"Greece","Europe"
2018,"GT","HUMAN_OBSERVATION","Anura",18,"Guatemala","Americas"
2018,"GT","HUMAN_OBSERVATION","Caudata",2,"Guatemala","Americas"
2018,"GU","HUMAN_OBSERVATION","Anura",3,"Guam","Oceania"
2018,"GY","HUMAN_OBSERVATION","Anura",15,"Guyana","Americas"
2018,"HK","HUMAN_OBSERVATION","Anura",320,"Hong Kong SAR China","Asia"
2018,"HK","HUMAN_OBSERVATION","Caudata",22,"Hong Kong SAR China","Asia"
2018,"HN","HUMAN_OBSERVATION","Anura",124,"Honduras","Americas"
2018,"HN","HUMAN_OBSERVATION","Caudata",19,"Honduras","Americas"
2018,"HR","HUMAN_OBSERVATION","Anura",62,"Croatia","Europe"
2018,"HR","HUMAN_OBSERVATION","Caudata",11,"Croatia","Europe"
2018,"HR","UNKNOWN","Anura",1,"Croatia","Europe"
2018,"HT","HUMAN_OBSERVATION","Anura",1,"Haiti","Americas"
2018,"HU","HUMAN_OBSERVATION","Anura",73,"Hungary","Europe"
2018,"HU","HUMAN_OBSERVATION","Caudata",3,"Hungary","Europe"
2018,"HU","UNKNOWN","Anura",3,"Hungary","Europe"
2018,"ID","HUMAN_OBSERVATION","Anura",535,"Indonesia","Asia"
2018,"ID","HUMAN_OBSERVATION","Gymnophiona",4,"Indonesia","Asia"
2018,"ID","MATERIAL_SAMPLE","Anura",1,"Indonesia","Asia"
2018,"IE","HUMAN_OBSERVATION","Anura",4,"Ireland","Europe"
2018,"IE","HUMAN_OBSERVATION","Caudata",2,"Ireland","Europe"
2018,"IL","HUMAN_OBSERVATION","Anura",54,"Israel","Asia"
2018,"IL","HUMAN_OBSERVATION","Caudata",4,"Israel","Asia"
2018,"IN","HUMAN_OBSERVATION","Anura",403,"India","Asia"
2018,"IN","MATERIAL_SAMPLE","Anura",6,"India","Asia"
2018,"IN","PRESERVED_SPECIMEN","Anura",3,"India","Asia"
2018,"IQ","HUMAN_OBSERVATION","Anura",2,"Iraq","Asia"
2018,"IR","HUMAN_OBSERVATION","Anura",17,"Iran","Asia"
2018,"IR","HUMAN_OBSERVATION","Caudata",9,"Iran","Asia"
2018,"IT","HUMAN_OBSERVATION","Anura",1232,"Italy","Europe"
2018,"IT","HUMAN_OBSERVATION","Caudata",805,"Italy","Europe"
2018,"IT","MATERIAL_SAMPLE","Caudata",12,"Italy","Europe"
2018,"IT","UNKNOWN","Anura",4,"Italy","Europe"
2018,"IT","UNKNOWN","Caudata",3,"Italy","Europe"
2018,"JE","HUMAN_OBSERVATION","Anura",6,"Jersey","Europe"
2018,"JE","HUMAN_OBSERVATION","Caudata",1,"Jersey","Europe"
2018,"JM","HUMAN_OBSERVATION","Anura",3,"Jamaica","Americas"
2018,"JO","HUMAN_OBSERVATION","Anura",2,"Jordan","Asia"
2018,"JP","HUMAN_OBSERVATION","Anura",106,"Japan","Asia"
2018,"JP","HUMAN_OBSERVATION","Caudata",9,"Japan","Asia"
2018,"JP","PRESERVED_SPECIMEN","Anura",15,"Japan","Asia"
2018,"JP","PRESERVED_SPECIMEN","Caudata",7,"Japan","Asia"
2018,"KE","HUMAN_OBSERVATION","Anura",27,"Kenya","Africa"
2018,"KE","PRESERVED_SPECIMEN","Anura",176,"Kenya","Africa"
2018,"KH","HUMAN_OBSERVATION","Anura",12,"Cambodia","Asia"
2018,"KH","PRESERVED_SPECIMEN","Anura",40,"Cambodia","Asia"
2018,"KN","HUMAN_OBSERVATION","Anura",2,"St. Kitts & Nevis","Americas"
2018,"KP","HUMAN_OBSERVATION","Anura",60,"North Korea","Asia"
2018,"KR","HUMAN_OBSERVATION","Anura",478,"South Korea","Asia"
2018,"KR","HUMAN_OBSERVATION","Caudata",57,"South Korea","Asia"
2018,"KY","HUMAN_OBSERVATION","Anura",14,"Cayman Islands","Americas"
2018,"KZ","HUMAN_OBSERVATION","Anura",8,"Kazakhstan","Asia"
2018,"KZ","HUMAN_OBSERVATION","Caudata",16,"Kazakhstan","Asia"
2018,"LB","HUMAN_OBSERVATION","Caudata",1,"Lebanon","Asia"
2018,"LI","HUMAN_OBSERVATION","Caudata",1,"Liechtenstein","Europe"
2018,"LK","HUMAN_OBSERVATION","Anura",71,"Sri Lanka","Asia"
2018,"LS","HUMAN_OBSERVATION","Anura",6,"Lesotho","Africa"
2018,"LT","HUMAN_OBSERVATION","Anura",34,"Lithuania","Europe"
2018,"LT","HUMAN_OBSERVATION","Caudata",1,"Lithuania","Europe"
2018,"LU","HUMAN_OBSERVATION","",1,"Luxembourg","Europe"
2018,"LU","HUMAN_OBSERVATION","Anura",156,"Luxembourg","Europe"
2018,"LU","HUMAN_OBSERVATION","Caudata",108,"Luxembourg","Europe"
2018,"LU","PRESERVED_SPECIMEN","Anura",366,"Luxembourg","Europe"
2018,"LV","HUMAN_OBSERVATION","Anura",1,"Latvia","Europe"
2018,"LV","HUMAN_OBSERVATION","Caudata",1,"Latvia","Europe"
2018,"MA","HUMAN_OBSERVATION","Anura",81,"Morocco","Africa"
2018,"MA","HUMAN_OBSERVATION","Caudata",1,"Morocco","Africa"
2018,"ME","HUMAN_OBSERVATION","Anura",27,"Montenegro","Europe"
2018,"ME","HUMAN_OBSERVATION","Caudata",8,"Montenegro","Europe"
2018,"MG","HUMAN_OBSERVATION","Anura",111,"Madagascar","Africa"
2018,"MG","PRESERVED_SPECIMEN","Anura",1,"Madagascar","Africa"
2018,"MK","HUMAN_OBSERVATION","Anura",8,"North Macedonia","Europe"
2018,"MM","HUMAN_OBSERVATION","Anura",1,"Myanmar (Burma)","Asia"
2018,"MM","PRESERVED_SPECIMEN","Anura",16,"Myanmar (Burma)","Asia"
2018,"MN","HUMAN_OBSERVATION","Anura",2,"Mongolia","Asia"
2018,"MO","HUMAN_OBSERVATION","Anura",2,"Macao SAR China","Asia"
2018,"MQ","HUMAN_OBSERVATION","Anura",28,"Martinique","Americas"
2018,"MT","HUMAN_OBSERVATION","Anura",7,"Malta","Europe"
2018,"MT","UNKNOWN","Anura",1,"Malta","Europe"
2018,"MU","HUMAN_OBSERVATION","Anura",6,"Mauritius","Africa"
2018,"MW","HUMAN_OBSERVATION","Anura",11,"Malawi","Africa"
2018,"MX","HUMAN_OBSERVATION","Anura",1459,"Mexico","Americas"
2018,"MX","HUMAN_OBSERVATION","Caudata",90,"Mexico","Americas"
2018,"MX","HUMAN_OBSERVATION","Gymnophiona",1,"Mexico","Americas"
2018,"MX","PRESERVED_SPECIMEN","Anura",38,"Mexico","Americas"
2018,"MY","HUMAN_OBSERVATION","Anura",518,"Malaysia","Asia"
2018,"MZ","HUMAN_OBSERVATION","Anura",25,"Mozambique","Africa"
2018,"NG","HUMAN_OBSERVATION","Anura",2,"Nigeria","Africa"
2018,"NI","HUMAN_OBSERVATION","Anura",8,"Nicaragua","Americas"
2018,"NL","HUMAN_OBSERVATION","Anura",13130,"Netherlands","Europe"
2018,"NL","HUMAN_OBSERVATION","Caudata",2770,"Netherlands","Europe"
2018,"NL","PRESERVED_SPECIMEN","Anura",3,"Netherlands","Europe"
2018,"NL","PRESERVED_SPECIMEN","Caudata",1,"Netherlands","Europe"
2018,"NO","HUMAN_OBSERVATION","Anura",594,"Norway","Europe"
2018,"NO","HUMAN_OBSERVATION","Caudata",197,"Norway","Europe"
2018,"NZ","HUMAN_OBSERVATION","Anura",65,"New Zealand","Oceania"
2018,"PA","HUMAN_OBSERVATION","Anura",171,"Panama","Americas"
2018,"PA","HUMAN_OBSERVATION","Caudata",1,"Panama","Americas"
2018,"PA","PRESERVED_SPECIMEN","Anura",1,"Panama","Americas"
2018,"PE","HUMAN_OBSERVATION","",1,"Peru","Americas"
2018,"PE","HUMAN_OBSERVATION","Anura",123,"Peru","Americas"
2018,"PE","MATERIAL_SAMPLE","Anura",3,"Peru","Americas"
2018,"PE","PRESERVED_SPECIMEN","Anura",95,"Peru","Americas"
2018,"PG","HUMAN_OBSERVATION","Anura",3,"Papua New Guinea","Oceania"
2018,"PH","HUMAN_OBSERVATION","Anura",58,"Philippines","Asia"
2018,"PH","PRESERVED_SPECIMEN","Anura",368,"Philippines","Asia"
2018,"PK","HUMAN_OBSERVATION","Anura",1,"Pakistan","Asia"
2018,"PK","PRESERVED_SPECIMEN","Anura",2,"Pakistan","Asia"
2018,"PL","HUMAN_OBSERVATION","Anura",144,"Poland","Europe"
2018,"PL","HUMAN_OBSERVATION","Caudata",9,"Poland","Europe"
2018,"PR","HUMAN_OBSERVATION","Anura",55,"Puerto Rico","Americas"
2018,"PR","PRESERVED_SPECIMEN","Anura",2,"Puerto Rico","Americas"
2018,"PS","HUMAN_OBSERVATION","Anura",1,"Palestinian Territories","Asia"
2018,"PT","HUMAN_OBSERVATION","Anura",318,"Portugal","Europe"
2018,"PT","HUMAN_OBSERVATION","Caudata",140,"Portugal","Europe"
2018,"PT","MACHINE_OBSERVATION","Anura",2,"Portugal","Europe"
2018,"PW","HUMAN_OBSERVATION","Anura",2,"Palau","Oceania"
2018,"PY","HUMAN_OBSERVATION","Anura",4,"Paraguay","Americas"
2018,"RE","HUMAN_OBSERVATION","Anura",7,"Réunion","Africa"
2018,"RO","HUMAN_OBSERVATION","Anura",114,"Romania","Europe"
2018,"RO","HUMAN_OBSERVATION","Caudata",12,"Romania","Europe"
2018,"RS","HUMAN_OBSERVATION","Anura",9,"Serbia","Europe"
2018,"RS","HUMAN_OBSERVATION","Caudata",2,"Serbia","Europe"
2018,"RU","HUMAN_OBSERVATION","Anura",423,"Russia","Europe"
2018,"RU","HUMAN_OBSERVATION","Caudata",39,"Russia","Europe"
2018,"RW","HUMAN_OBSERVATION","Anura",1,"Rwanda","Africa"
2018,"SB","PRESERVED_SPECIMEN","Anura",167,"Solomon Islands","Oceania"
2018,"SC","HUMAN_OBSERVATION","Anura",4,"Seychelles","Africa"
2018,"SC","HUMAN_OBSERVATION","Gymnophiona",1,"Seychelles","Africa"
2018,"SD","MATERIAL_SAMPLE","Anura",1,"Sudan","Africa"
2018,"SE","HUMAN_OBSERVATION","",5,"Sweden","Europe"
2018,"SE","HUMAN_OBSERVATION","Anura",3004,"Sweden","Europe"
2018,"SE","HUMAN_OBSERVATION","Caudata",930,"Sweden","Europe"
2018,"SG","HUMAN_OBSERVATION","Anura",48,"Singapore","Asia"
2018,"SH","HUMAN_OBSERVATION","Anura",2,"St. Helena","Africa"
2018,"SI","HUMAN_OBSERVATION","Anura",33,"Slovenia","Europe"
2018,"SI","HUMAN_OBSERVATION","Caudata",29,"Slovenia","Europe"
2018,"SI","UNKNOWN","Anura",4,"Slovenia","Europe"
2018,"SI","UNKNOWN","Caudata",1,"Slovenia","Europe"
2018,"SK","HUMAN_OBSERVATION","Anura",46,"Slovakia","Europe"
2018,"SK","HUMAN_OBSERVATION","Caudata",10,"Slovakia","Europe"
2018,"SL","HUMAN_OBSERVATION","Anura",2,"Sierra Leone","Africa"
2018,"SR","HUMAN_OBSERVATION","Anura",92,"Suriname","Americas"
2018,"SV","HUMAN_OBSERVATION","Anura",32,"El Salvador","Americas"
2018,"SX","HUMAN_OBSERVATION","Anura",1,"Sint Maarten","Americas"
2018,"SY","HUMAN_OBSERVATION","Anura",1,"Syria","Asia"
2018,"SZ","HUMAN_OBSERVATION","Anura",1,"Eswatini","Africa"
2018,"TD","HUMAN_OBSERVATION","Anura",1,"Chad","Africa"
2018,"TG","PRESERVED_SPECIMEN","Anura",2,"Togo","Africa"
2018,"TH","HUMAN_OBSERVATION","",1,"Thailand","Asia"
2018,"TH","HUMAN_OBSERVATION","Anura",123,"Thailand","Asia"
2018,"TH","HUMAN_OBSERVATION","Gymnophiona",3,"Thailand","Asia"
2018,"TH","PRESERVED_SPECIMEN","Anura",9,"Thailand","Asia"
2018,"TL","HUMAN_OBSERVATION","Anura",5,"Timor-Leste","Asia"
2018,"TN","HUMAN_OBSERVATION","Anura",3,"Tunisia","Africa"
2018,"TR","HUMAN_OBSERVATION","Anura",3,"Turkey","Asia"
2018,"TT","HUMAN_OBSERVATION","Anura",33,"Trinidad & Tobago","Americas"
2018,"TW","HUMAN_OBSERVATION","Anura",680,"Taiwan","Asia"
2018,"TW","HUMAN_OBSERVATION","Caudata",9,"Taiwan","Asia"
2018,"TZ","HUMAN_OBSERVATION","Anura",55,"Tanzania","Africa"
2018,"UA","HUMAN_OBSERVATION","Anura",326,"Ukraine","Europe"
2018,"UA","HUMAN_OBSERVATION","Caudata",21,"Ukraine","Europe"
2018,"UG","HUMAN_OBSERVATION","Anura",1,"Uganda","Africa"
2018,"US","HUMAN_OBSERVATION","Anura",16796,"United States","Americas"
2018,"US","HUMAN_OBSERVATION","Caudata",9126,"United States","Americas"
2018,"US","MACHINE_OBSERVATION","Anura",24,"United States","Americas"
2018,"US","MACHINE_OBSERVATION","Caudata",28,"United States","Americas"
2018,"US","MATERIAL_SAMPLE","Caudata",7,"United States","Americas"
2018,"US","PRESERVED_SPECIMEN","Anura",2017,"United States","Americas"
2018,"US","PRESERVED_SPECIMEN","Caudata",451,"United States","Americas"
2018,"US","UNKNOWN","Anura",130,"United States","Americas"
2018,"US","UNKNOWN","Caudata",8,"United States","Americas"
2018,"UY","HUMAN_OBSERVATION","Anura",34,"Uruguay","Americas"
2018,"UZ","HUMAN_OBSERVATION","Anura",2,"Uzbekistan","Asia"
2018,"VC","HUMAN_OBSERVATION","Anura",2,"St. Vincent & Grenadines","Americas"
2018,"VE","HUMAN_OBSERVATION","Anura",5,"Venezuela","Americas"
2018,"VI","HUMAN_OBSERVATION","Anura",11,"U.S. Virgin Islands","Americas"
2018,"VN","HUMAN_OBSERVATION","Anura",40,"Vietnam","Asia"
2018,"VN","PRESERVED_SPECIMEN","Anura",4,"Vietnam","Asia"
2018,"XK","HUMAN_OBSERVATION","Anura",6,NA,NA
2018,"XK","HUMAN_OBSERVATION","Caudata",4,NA,NA
2018,"ZA","HUMAN_OBSERVATION","Anura",706,"South Africa","Africa"
2018,"ZA","MATERIAL_SAMPLE","Anura",10,"South Africa","Africa"
2018,"ZM","HUMAN_OBSERVATION","Anura",11,"Zambia","Africa"
2018,"ZW","HUMAN_OBSERVATION","Anura",22,"Zimbabwe","Africa"
2018,NA,"HUMAN_OBSERVATION","Anura",8,NA,NA
2019,"","HUMAN_OBSERVATION","Anura",211,NA,NA
2019,"","HUMAN_OBSERVATION","Caudata",139,NA,NA
2019,"","PRESERVED_SPECIMEN","Anura",49,NA,NA
2019,"","PRESERVED_SPECIMEN","Caudata",33,NA,NA
2019,"AE","HUMAN_OBSERVATION","Anura",14,"United Arab Emirates","Asia"
2019,"AG","HUMAN_OBSERVATION","Anura",4,"Antigua & Barbuda","Americas"
2019,"AI","HUMAN_OBSERVATION","Anura",1,"Anguilla","Americas"
2019,"AL","HUMAN_OBSERVATION","Anura",8,"Albania","Europe"
2019,"AL","HUMAN_OBSERVATION","Caudata",2,"Albania","Europe"
2019,"AM","HUMAN_OBSERVATION","Anura",5,"Armenia","Asia"
2019,"AO","HUMAN_OBSERVATION","Anura",7,"Angola","Africa"
2019,"AO","PRESERVED_SPECIMEN","Anura",55,"Angola","Africa"
2019,"AR","HUMAN_OBSERVATION","Anura",429,"Argentina","Americas"
2019,"AT","HUMAN_OBSERVATION","Anura",2847,"Austria","Europe"
2019,"AT","HUMAN_OBSERVATION","Caudata",973,"Austria","Europe"
2019,"AT","MATERIAL_SAMPLE","Anura",1,"Austria","Europe"
2019,"AT","MATERIAL_SAMPLE","Caudata",4,"Austria","Europe"
2019,"AT","UNKNOWN","Anura",34,"Austria","Europe"
2019,"AU","HUMAN_OBSERVATION","",19,"Australia","Oceania"
2019,"AU","HUMAN_OBSERVATION","Anura",11585,"Australia","Oceania"
2019,"AU","MACHINE_OBSERVATION","Anura",2,"Australia","Oceania"
2019,"AU","MATERIAL_SAMPLE","Anura",49,"Australia","Oceania"
2019,"AU","OBSERVATION","Anura",1066,"Australia","Oceania"
2019,"AU","PRESERVED_SPECIMEN","",2,"Australia","Oceania"
2019,"AU","PRESERVED_SPECIMEN","Anura",286,"Australia","Oceania"
2019,"AU","UNKNOWN","Anura",50019,"Australia","Oceania"
2019,"AW","HUMAN_OBSERVATION","Anura",1,"Aruba","Americas"
2019,"AZ","HUMAN_OBSERVATION","Anura",1,"Azerbaijan","Asia"
2019,"BA","HUMAN_OBSERVATION","Anura",18,"Bosnia & Herzegovina","Europe"
2019,"BA","HUMAN_OBSERVATION","Caudata",11,"Bosnia & Herzegovina","Europe"
2019,"BB","HUMAN_OBSERVATION","Anura",1,"Barbados","Americas"
2019,"BD","HUMAN_OBSERVATION","Anura",3,"Bangladesh","Asia"
2019,"BE","HUMAN_OBSERVATION","Anura",281,"Belgium","Europe"
2019,"BE","HUMAN_OBSERVATION","Caudata",347,"Belgium","Europe"
2019,"BE","PRESERVED_SPECIMEN","Anura",4,"Belgium","Europe"
2019,"BE","PRESERVED_SPECIMEN","Caudata",13,"Belgium","Europe"
2019,"BG","HUMAN_OBSERVATION","Anura",126,"Bulgaria","Europe"
2019,"BG","HUMAN_OBSERVATION","Caudata",20,"Bulgaria","Europe"
2019,"BJ","HUMAN_OBSERVATION","Anura",2,"Benin","Africa"
2019,"BM","HUMAN_OBSERVATION","Anura",2,"Bermuda","Americas"
2019,"BN","HUMAN_OBSERVATION","Anura",2,"Brunei","Asia"
2019,"BO","HUMAN_OBSERVATION","Anura",121,"Bolivia","Americas"
2019,"BQ","HUMAN_OBSERVATION","Anura",1,"Caribbean Netherlands","Americas"
2019,"BR","HUMAN_OBSERVATION","Anura",692,"Brazil","Americas"
2019,"BR","MATERIAL_SAMPLE","Anura",5,"Brazil","Americas"
2019,"BR","PRESERVED_SPECIMEN","Anura",638,"Brazil","Americas"
2019,"BR","PRESERVED_SPECIMEN","Gymnophiona",5,"Brazil","Americas"
2019,"BS","HUMAN_OBSERVATION","Anura",9,"Bahamas","Americas"
2019,"BW","HUMAN_OBSERVATION","Anura",23,"Botswana","Africa"
2019,"BY","HUMAN_OBSERVATION","Anura",62,"Belarus","Europe"
2019,"BZ","HUMAN_OBSERVATION","Anura",64,"Belize","Americas"
2019,"BZ","HUMAN_OBSERVATION","Caudata",4,"Belize","Americas"
2019,"CA","HUMAN_OBSERVATION","Anura",5548,"Canada","Americas"
2019,"CA","HUMAN_OBSERVATION","Caudata",1353,"Canada","Americas"
2019,"CA","MATERIAL_SAMPLE","Anura",1,"Canada","Americas"
2019,"CD","HUMAN_OBSERVATION","Anura",7,"Congo - Kinshasa","Africa"
2019,"CD","PRESERVED_SPECIMEN","Anura",425,"Congo - Kinshasa","Africa"
2019,"CF","HUMAN_OBSERVATION","Anura",1,"Central African Republic","Africa"
2019,"CG","HUMAN_OBSERVATION","Anura",11,"Congo - Brazzaville","Africa"
2019,"CH","HUMAN_OBSERVATION","Anura",162,"Switzerland","Europe"
2019,"CH","HUMAN_OBSERVATION","Caudata",84,"Switzerland","Europe"
2019,"CI","HUMAN_OBSERVATION","Anura",3,"Côte d’Ivoire","Africa"
2019,"CL","HUMAN_OBSERVATION","Anura",92,"Chile","Americas"
2019,"CM","HUMAN_OBSERVATION","Anura",5,"Cameroon","Africa"
2019,"CN","HUMAN_OBSERVATION","Anura",245,"China","Asia"
2019,"CN","HUMAN_OBSERVATION","Caudata",6,"China","Asia"
2019,"CN","PRESERVED_SPECIMEN","Anura",19,"China","Asia"
2019,"CO","HUMAN_OBSERVATION","Anura",1791,"Colombia","Americas"
2019,"CO","HUMAN_OBSERVATION","Caudata",15,"Colombia","Americas"
2019,"CO","HUMAN_OBSERVATION","Gymnophiona",3,"Colombia","Americas"
2019,"CO","MACHINE_OBSERVATION","Anura",1,"Colombia","Americas"
2019,"CO","MATERIAL_SAMPLE","Anura",341,"Colombia","Americas"
2019,"CO","MATERIAL_SAMPLE","Caudata",2,"Colombia","Americas"
2019,"CO","PRESERVED_SPECIMEN","Anura",734,"Colombia","Americas"
2019,"CO","PRESERVED_SPECIMEN","Caudata",15,"Colombia","Americas"
2019,"CO","PRESERVED_SPECIMEN","Gymnophiona",4,"Colombia","Americas"
2019,"CR","HUMAN_OBSERVATION","Anura",1158,"Costa Rica","Americas"
2019,"CR","HUMAN_OBSERVATION","Caudata",7,"Costa Rica","Americas"
2019,"CR","HUMAN_OBSERVATION","Gymnophiona",6,"Costa Rica","Americas"
2019,"CR","PRESERVED_SPECIMEN","Anura",1,"Costa Rica","Americas"
2019,"CU","HUMAN_OBSERVATION","Anura",44,"Cuba","Americas"
2019,"CW","HUMAN_OBSERVATION","Anura",3,"Curaçao","Americas"
2019,"CY","HUMAN_OBSERVATION","Anura",34,"Cyprus","Asia"
2019,"CZ","HUMAN_OBSERVATION","Anura",121,"Czechia","Europe"
2019,"CZ","HUMAN_OBSERVATION","Caudata",34,"Czechia","Europe"
2019,"DE","HUMAN_OBSERVATION","Anura",3542,"Germany","Europe"
2019,"DE","HUMAN_OBSERVATION","Caudata",1477,"Germany","Europe"
2019,"DE","PRESERVED_SPECIMEN","Anura",56,"Germany","Europe"
2019,"DE","PRESERVED_SPECIMEN","Caudata",13,"Germany","Europe"
2019,"DE","UNKNOWN","Anura",25,"Germany","Europe"
2019,"DE","UNKNOWN","Caudata",1,"Germany","Europe"
2019,"DK","HUMAN_OBSERVATION","",20,"Denmark","Europe"
2019,"DK","HUMAN_OBSERVATION","Anura",2018,"Denmark","Europe"
2019,"DK","HUMAN_OBSERVATION","Caudata",853,"Denmark","Europe"
2019,"DM","HUMAN_OBSERVATION","Anura",1,"Dominica","Americas"
2019,"DO","HUMAN_OBSERVATION","Anura",19,"Dominican Republic","Americas"
2019,"DZ","HUMAN_OBSERVATION","Anura",16,"Algeria","Africa"
2019,"EC","HUMAN_OBSERVATION","Anura",1546,"Ecuador","Americas"
2019,"EC","HUMAN_OBSERVATION","Caudata",31,"Ecuador","Americas"
2019,"EC","HUMAN_OBSERVATION","Gymnophiona",2,"Ecuador","Americas"
2019,"EC","PRESERVED_SPECIMEN","Anura",1,"Ecuador","Americas"
2019,"EE","HUMAN_OBSERVATION","Anura",178,"Estonia","Europe"
2019,"EE","HUMAN_OBSERVATION","Caudata",9,"Estonia","Europe"
2019,"EG","HUMAN_OBSERVATION","Anura",1,"Egypt","Africa"
2019,"ES","HUMAN_OBSERVATION","Anura",2440,"Spain","Europe"
2019,"ES","HUMAN_OBSERVATION","Caudata",727,"Spain","Europe"
2019,"ET","HUMAN_OBSERVATION","Anura",1,"Ethiopia","Africa"
2019,"ET","PRESERVED_SPECIMEN","Anura",4,"Ethiopia","Africa"
2019,"FI","HUMAN_OBSERVATION","Anura",26,"Finland","Europe"
2019,"FI","HUMAN_OBSERVATION","Caudata",2,"Finland","Europe"
2019,"FJ","HUMAN_OBSERVATION","Anura",15,"Fiji","Oceania"
2019,"FR","HUMAN_OBSERVATION","",1,"France","Europe"
2019,"FR","HUMAN_OBSERVATION","Anura",1720,"France","Europe"
2019,"FR","HUMAN_OBSERVATION","Caudata",816,"France","Europe"
2019,"GA","HUMAN_OBSERVATION","Anura",1,"Gabon","Africa"
2019,"GB","HUMAN_OBSERVATION","",13,"United Kingdom","Europe"
2019,"GB","HUMAN_OBSERVATION","Anura",3584,"United Kingdom","Europe"
2019,"GB","HUMAN_OBSERVATION","Caudata",2096,"United Kingdom","Europe"
2019,"GD","HUMAN_OBSERVATION","Anura",2,"Grenada","Americas"
2019,"GE","HUMAN_OBSERVATION","Anura",74,"Georgia","Asia"
2019,"GE","HUMAN_OBSERVATION","Caudata",5,"Georgia","Asia"
2019,"GF","HUMAN_OBSERVATION","Anura",29,"French Guiana","Americas"
2019,"GF","HUMAN_OBSERVATION","Gymnophiona",1,"French Guiana","Americas"
2019,"GF","PRESERVED_SPECIMEN","Anura",6,"French Guiana","Americas"
2019,"GI","HUMAN_OBSERVATION","Anura",1,"Gibraltar","Europe"
2019,"GP","HUMAN_OBSERVATION","Anura",3,"Guadeloupe","Americas"
2019,"GR","HUMAN_OBSERVATION","Anura",494,"Greece","Europe"
2019,"GR","HUMAN_OBSERVATION","Caudata",14,"Greece","Europe"
2019,"GR","UNKNOWN","Anura",1,"Greece","Europe"
2019,"GT","HUMAN_OBSERVATION","Anura",17,"Guatemala","Americas"
2019,"GT","HUMAN_OBSERVATION","Caudata",2,"Guatemala","Americas"
2019,"GU","HUMAN_OBSERVATION","Anura",3,"Guam","Oceania"
2019,"GY","HUMAN_OBSERVATION","Anura",13,"Guyana","Americas"
2019,"HK","HUMAN_OBSERVATION","Anura",383,"Hong Kong SAR China","Asia"
2019,"HK","HUMAN_OBSERVATION","Caudata",74,"Hong Kong SAR China","Asia"
2019,"HN","HUMAN_OBSERVATION","Anura",129,"Honduras","Americas"
2019,"HN","HUMAN_OBSERVATION","Caudata",13,"Honduras","Americas"
2019,"HR","HUMAN_OBSERVATION","Anura",139,"Croatia","Europe"
2019,"HR","HUMAN_OBSERVATION","Caudata",14,"Croatia","Europe"
2019,"HT","HUMAN_OBSERVATION","Anura",12,"Haiti","Americas"
2019,"HU","HUMAN_OBSERVATION","Anura",72,"Hungary","Europe"
2019,"HU","HUMAN_OBSERVATION","Caudata",5,"Hungary","Europe"
2019,"ID","HUMAN_OBSERVATION","Anura",782,"Indonesia","Asia"
2019,"ID","HUMAN_OBSERVATION","Gymnophiona",1,"Indonesia","Asia"
2019,"IE","HUMAN_OBSERVATION","Anura",11,"Ireland","Europe"
2019,"IE","HUMAN_OBSERVATION","Caudata",1,"Ireland","Europe"
2019,"IL","HUMAN_OBSERVATION","Anura",40,"Israel","Asia"
2019,"IL","HUMAN_OBSERVATION","Caudata",3,"Israel","Asia"
2019,"IN","HUMAN_OBSERVATION","",1,"India","Asia"
2019,"IN","HUMAN_OBSERVATION","Anura",597,"India","Asia"
2019,"IN","HUMAN_OBSERVATION","Caudata",1,"India","Asia"
2019,"IN","MATERIAL_SAMPLE","Anura",4,"India","Asia"
2019,"IN","PRESERVED_SPECIMEN","Anura",5,"India","Asia"
2019,"IQ","HUMAN_OBSERVATION","Anura",4,"Iraq","Asia"
2019,"IR","HUMAN_OBSERVATION","Anura",50,"Iran","Asia"
2019,"IR","HUMAN_OBSERVATION","Caudata",8,"Iran","Asia"
2019,"IT","HUMAN_OBSERVATION","Anura",1362,"Italy","Europe"
2019,"IT","HUMAN_OBSERVATION","Caudata",930,"Italy","Europe"
2019,"JE","HUMAN_OBSERVATION","Anura",1,"Jersey","Europe"
2019,"JM","HUMAN_OBSERVATION","Anura",3,"Jamaica","Americas"
2019,"JO","HUMAN_OBSERVATION","Anura",1,"Jordan","Asia"
2019,"JP","HUMAN_OBSERVATION","Anura",103,"Japan","Asia"
2019,"JP","HUMAN_OBSERVATION","Caudata",8,"Japan","Asia"
2019,"KE","HUMAN_OBSERVATION","Anura",35,"Kenya","Africa"
2019,"KE","PRESERVED_SPECIMEN","Anura",1,"Kenya","Africa"
2019,"KG","HUMAN_OBSERVATION","Anura",1,"Kyrgyzstan","Asia"
2019,"KH","HUMAN_OBSERVATION","Anura",29,"Cambodia","Asia"
2019,"KN","HUMAN_OBSERVATION","Anura",1,"St. Kitts & Nevis","Americas"
2019,"KP","HUMAN_OBSERVATION","Anura",21,"North Korea","Asia"
2019,"KR","HUMAN_OBSERVATION","Anura",834,"South Korea","Asia"
2019,"KR","HUMAN_OBSERVATION","Caudata",188,"South Korea","Asia"
2019,"KR","PRESERVED_SPECIMEN","Anura",4,"South Korea","Asia"
2019,"KW","HUMAN_OBSERVATION","Anura",1,"Kuwait","Asia"
2019,"KY","HUMAN_OBSERVATION","Anura",4,"Cayman Islands","Americas"
2019,"KZ","HUMAN_OBSERVATION","Anura",13,"Kazakhstan","Asia"
2019,"LA","HUMAN_OBSERVATION","Anura",19,"Laos","Asia"
2019,"LB","HUMAN_OBSERVATION","Anura",7,"Lebanon","Asia"
2019,"LB","HUMAN_OBSERVATION","Caudata",1,"Lebanon","Asia"
2019,"LC","HUMAN_OBSERVATION","Anura",2,"St. Lucia","Americas"
2019,"LI","HUMAN_OBSERVATION","Caudata",1,"Liechtenstein","Europe"
2019,"LK","HUMAN_OBSERVATION","",3,"Sri Lanka","Asia"
2019,"LK","HUMAN_OBSERVATION","Anura",487,"Sri Lanka","Asia"
2019,"LK","HUMAN_OBSERVATION","Gymnophiona",2,"Sri Lanka","Asia"
2019,"LT","HUMAN_OBSERVATION","Anura",42,"Lithuania","Europe"
2019,"LT","HUMAN_OBSERVATION","Caudata",5,"Lithuania","Europe"
2019,"LU","HUMAN_OBSERVATION","Anura",139,"Luxembourg","Europe"
2019,"LU","HUMAN_OBSERVATION","Caudata",301,"Luxembourg","Europe"
2019,"LV","HUMAN_OBSERVATION","Anura",5,"Latvia","Europe"
2019,"MA","HUMAN_OBSERVATION","Anura",81,"Morocco","Africa"
2019,"MA","HUMAN_OBSERVATION","Caudata",5,"Morocco","Africa"
2019,"MD","HUMAN_OBSERVATION","Anura",1,"Moldova","Europe"
2019,"ME","HUMAN_OBSERVATION","Anura",23,"Montenegro","Europe"
2019,"ME","HUMAN_OBSERVATION","Caudata",6,"Montenegro","Europe"
2019,"MG","HUMAN_OBSERVATION","Anura",118,"Madagascar","Africa"
2019,"MK","HUMAN_OBSERVATION","Anura",15,"North Macedonia","Europe"
2019,"ML","HUMAN_OBSERVATION","Anura",2,"Mali","Africa"
2019,"MM","HUMAN_OBSERVATION","Anura",6,"Myanmar (Burma)","Asia"
2019,"MN","HUMAN_OBSERVATION","Anura",3,"Mongolia","Asia"
2019,"MO","HUMAN_OBSERVATION","Anura",7,"Macao SAR China","Asia"
2019,"MQ","HUMAN_OBSERVATION","Anura",12,"Martinique","Americas"
2019,"MT","HUMAN_OBSERVATION","Anura",14,"Malta","Europe"
2019,"MU","HUMAN_OBSERVATION","Anura",3,"Mauritius","Africa"
2019,"MV","HUMAN_OBSERVATION","Anura",1,"Maldives","Asia"
2019,"MW","HUMAN_OBSERVATION","Anura",16,"Malawi","Africa"
2019,"MX","HUMAN_OBSERVATION","Anura",1558,"Mexico","Americas"
2019,"MX","HUMAN_OBSERVATION","Caudata",131,"Mexico","Americas"
2019,"MX","HUMAN_OBSERVATION","Gymnophiona",1,"Mexico","Americas"
2019,"MY","HUMAN_OBSERVATION","Anura",587,"Malaysia","Asia"
2019,"MZ","HUMAN_OBSERVATION","Anura",49,"Mozambique","Africa"
2019,"NC","HUMAN_OBSERVATION","Anura",1,"New Caledonia","Oceania"
2019,"NG","HUMAN_OBSERVATION","Anura",3,"Nigeria","Africa"
2019,"NI","HUMAN_OBSERVATION","Anura",43,"Nicaragua","Americas"
2019,"NL","HUMAN_OBSERVATION","Anura",13891,"Netherlands","Europe"
2019,"NL","HUMAN_OBSERVATION","Caudata",3202,"Netherlands","Europe"
2019,"NL","PRESERVED_SPECIMEN","Anura",3,"Netherlands","Europe"
2019,"NO","HUMAN_OBSERVATION","",3,"Norway","Europe"
2019,"NO","HUMAN_OBSERVATION","Anura",612,"Norway","Europe"
2019,"NO","HUMAN_OBSERVATION","Caudata",226,"Norway","Europe"
2019,"NP","HUMAN_OBSERVATION","Anura",16,"Nepal","Asia"
2019,"NP","HUMAN_OBSERVATION","Caudata",1,"Nepal","Asia"
2019,"NZ","HUMAN_OBSERVATION","Anura",90,"New Zealand","Oceania"
2019,"OM","HUMAN_OBSERVATION","Anura",4,"Oman","Asia"
2019,"PA","HUMAN_OBSERVATION","Anura",358,"Panama","Americas"
2019,"PA","HUMAN_OBSERVATION","Caudata",2,"Panama","Americas"
2019,"PA","HUMAN_OBSERVATION","Gymnophiona",1,"Panama","Americas"
2019,"PE","HUMAN_OBSERVATION","Anura",168,"Peru","Americas"
2019,"PE","HUMAN_OBSERVATION","Gymnophiona",1,"Peru","Americas"
2019,"PE","PRESERVED_SPECIMEN","Anura",134,"Peru","Americas"
2019,"PG","HUMAN_OBSERVATION","Anura",1,"Papua New Guinea","Oceania"
2019,"PH","HUMAN_OBSERVATION","Anura",105,"Philippines","Asia"
2019,"PH","PRESERVED_SPECIMEN","Anura",1,"Philippines","Asia"
2019,"PL","HUMAN_OBSERVATION","Anura",126,"Poland","Europe"
2019,"PL","HUMAN_OBSERVATION","Caudata",10,"Poland","Europe"
2019,"PM","HUMAN_OBSERVATION","Anura",1,"St. Pierre & Miquelon","Americas"
2019,"PR","HUMAN_OBSERVATION","Anura",26,"Puerto Rico","Americas"
2019,"PS","HUMAN_OBSERVATION","Anura",1,"Palestinian Territories","Asia"
2019,"PT","HUMAN_OBSERVATION","Anura",563,"Portugal","Europe"
2019,"PT","HUMAN_OBSERVATION","Caudata",240,"Portugal","Europe"
2019,"PY","HUMAN_OBSERVATION","Anura",9,"Paraguay","Americas"
2019,"RE","HUMAN_OBSERVATION","Anura",4,"Réunion","Africa"
2019,"RO","HUMAN_OBSERVATION","Anura",302,"Romania","Europe"
2019,"RO","HUMAN_OBSERVATION","Caudata",70,"Romania","Europe"
2019,"RS","HUMAN_OBSERVATION","Anura",13,"Serbia","Europe"
2019,"RS","HUMAN_OBSERVATION","Caudata",4,"Serbia","Europe"
2019,"RU","HUMAN_OBSERVATION","Anura",524,"Russia","Europe"
2019,"RU","HUMAN_OBSERVATION","Caudata",52,"Russia","Europe"
2019,"RW","HUMAN_OBSERVATION","Anura",2,"Rwanda","Africa"
2019,"SB","HUMAN_OBSERVATION","Anura",8,"Solomon Islands","Oceania"
2019,"SB","PRESERVED_SPECIMEN","Anura",90,"Solomon Islands","Oceania"
2019,"SC","HUMAN_OBSERVATION","Anura",2,"Seychelles","Africa"
2019,"SE","HUMAN_OBSERVATION","",24,"Sweden","Europe"
2019,"SE","HUMAN_OBSERVATION","Anura",2810,"Sweden","Europe"
2019,"SE","HUMAN_OBSERVATION","Caudata",1055,"Sweden","Europe"
2019,"SG","HUMAN_OBSERVATION","Anura",22,"Singapore","Asia"
2019,"SI","HUMAN_OBSERVATION","Anura",64,"Slovenia","Europe"
2019,"SI","HUMAN_OBSERVATION","Caudata",55,"Slovenia","Europe"
2019,"SK","HUMAN_OBSERVATION","Anura",27,"Slovakia","Europe"
2019,"SK","HUMAN_OBSERVATION","Caudata",12,"Slovakia","Europe"
2019,"SL","HUMAN_OBSERVATION","Anura",2,"Sierra Leone","Africa"
2019,"SN","HUMAN_OBSERVATION","Anura",1,"Senegal","Africa"
2019,"SR","HUMAN_OBSERVATION","Anura",74,"Suriname","Americas"
2019,"SS","HUMAN_OBSERVATION","Anura",2,"South Sudan","Africa"
2019,"ST","HUMAN_OBSERVATION","Anura",1,"São Tomé & Príncipe","Africa"
2019,"SV","HUMAN_OBSERVATION","Anura",22,"El Salvador","Americas"
2019,"SV","HUMAN_OBSERVATION","Caudata",1,"El Salvador","Americas"
2019,"SV","HUMAN_OBSERVATION","Gymnophiona",1,"El Salvador","Americas"
2019,"SY","HUMAN_OBSERVATION","Anura",4,"Syria","Asia"
2019,"SY","HUMAN_OBSERVATION","Caudata",3,"Syria","Asia"
2019,"SZ","HUMAN_OBSERVATION","Anura",12,"Eswatini","Africa"
2019,"TG","HUMAN_OBSERVATION","Anura",1,"Togo","Africa"
2019,"TH","HUMAN_OBSERVATION","Anura",156,"Thailand","Asia"
2019,"TH","HUMAN_OBSERVATION","Gymnophiona",1,"Thailand","Asia"
2019,"TJ","HUMAN_OBSERVATION","Anura",3,"Tajikistan","Asia"
2019,"TL","HUMAN_OBSERVATION","Anura",2,"Timor-Leste","Asia"
2019,"TN","HUMAN_OBSERVATION","Anura",3,"Tunisia","Africa"
2019,"TN","HUMAN_OBSERVATION","Caudata",1,"Tunisia","Africa"
2019,"TR","HUMAN_OBSERVATION","Anura",12,"Turkey","Asia"
2019,"TR","HUMAN_OBSERVATION","Caudata",4,"Turkey","Asia"
2019,"TT","HUMAN_OBSERVATION","Anura",39,"Trinidad & Tobago","Americas"
2019,"TW","HUMAN_OBSERVATION","Anura",1465,"Taiwan","Asia"
2019,"TW","HUMAN_OBSERVATION","Caudata",13,"Taiwan","Asia"
2019,"TZ","HUMAN_OBSERVATION","Anura",42,"Tanzania","Africa"
2019,"UA","HUMAN_OBSERVATION","Anura",167,"Ukraine","Europe"
2019,"UA","HUMAN_OBSERVATION","Caudata",17,"Ukraine","Europe"
2019,"UG","HUMAN_OBSERVATION","Anura",13,"Uganda","Africa"
2019,"US","HUMAN_OBSERVATION","Anura",29045,"United States","Americas"
2019,"US","HUMAN_OBSERVATION","Caudata",17510,"United States","Americas"
2019,"US","MACHINE_OBSERVATION","Anura",13,"United States","Americas"
2019,"US","MACHINE_OBSERVATION","Caudata",7,"United States","Americas"
2019,"US","PRESERVED_SPECIMEN","Anura",2138,"United States","Americas"
2019,"US","PRESERVED_SPECIMEN","Caudata",306,"United States","Americas"
2019,"US","UNKNOWN","Anura",18,"United States","Americas"
2019,"US","UNKNOWN","Caudata",5,"United States","Americas"
2019,"UY","HUMAN_OBSERVATION","Anura",58,"Uruguay","Americas"
2019,"VE","HUMAN_OBSERVATION","Anura",10,"Venezuela","Americas"
2019,"VG","HUMAN_OBSERVATION","Anura",1,"British Virgin Islands","Americas"
2019,"VI","HUMAN_OBSERVATION","Anura",11,"U.S. Virgin Islands","Americas"
2019,"VN","HUMAN_OBSERVATION","Anura",100,"Vietnam","Asia"
2019,"VN","HUMAN_OBSERVATION","Caudata",1,"Vietnam","Asia"
2019,"VN","PRESERVED_SPECIMEN","Anura",2,"Vietnam","Asia"
2019,"XK","HUMAN_OBSERVATION","Anura",1,NA,NA
2019,"ZA","HUMAN_OBSERVATION","Anura",1125,"South Africa","Africa"
2019,"ZM","HUMAN_OBSERVATION","Anura",29,"Zambia","Africa"
2019,"ZW","HUMAN_OBSERVATION","Anura",24,"Zimbabwe","Africa"
2019,NA,"HUMAN_OBSERVATION","Anura",5,NA,NA
2020,"","HUMAN_OBSERVATION","Anura",268,NA,NA
2020,"","HUMAN_OBSERVATION","Caudata",135,NA,NA
2020,"","HUMAN_OBSERVATION","Gymnophiona",2,NA,NA
2020,"","PRESERVED_SPECIMEN","Anura",32,NA,NA
2020,"","PRESERVED_SPECIMEN","Caudata",2,NA,NA
2020,"AE","HUMAN_OBSERVATION","Anura",7,"United Arab Emirates","Asia"
2020,"AF","HUMAN_OBSERVATION","Anura",1,"Afghanistan","Asia"
2020,"AG","HUMAN_OBSERVATION","Anura",1,"Antigua & Barbuda","Americas"
2020,"AL","HUMAN_OBSERVATION","Anura",6,"Albania","Europe"
2020,"AL","HUMAN_OBSERVATION","Caudata",3,"Albania","Europe"
2020,"AM","HUMAN_OBSERVATION","Anura",2,"Armenia","Asia"
2020,"AO","HUMAN_OBSERVATION","Anura",1,"Angola","Africa"
2020,"AR","HUMAN_OBSERVATION","Anura",400,"Argentina","Americas"
2020,"AT","HUMAN_OBSERVATION","Anura",2725,"Austria","Europe"
2020,"AT","HUMAN_OBSERVATION","Caudata",888,"Austria","Europe"
2020,"AT","PRESERVED_SPECIMEN","Anura",1,"Austria","Europe"
2020,"AT","PRESERVED_SPECIMEN","Caudata",1,"Austria","Europe"
2020,"AT","UNKNOWN","Anura",1,"Austria","Europe"
2020,"AU","HUMAN_OBSERVATION","",208,"Australia","Oceania"
2020,"AU","HUMAN_OBSERVATION","Anura",6842,"Australia","Oceania"
2020,"AU","OBSERVATION","Anura",1157,"Australia","Oceania"
2020,"AU","PRESERVED_SPECIMEN","Anura",8,"Australia","Oceania"
2020,"AX","HUMAN_OBSERVATION","Anura",3,"Åland Islands","Europe"
2020,"BA","HUMAN_OBSERVATION","Anura",2,"Bosnia & Herzegovina","Europe"
2020,"BA","HUMAN_OBSERVATION","Caudata",4,"Bosnia & Herzegovina","Europe"
2020,"BB","HUMAN_OBSERVATION","Anura",2,"Barbados","Americas"
2020,"BD","HUMAN_OBSERVATION","Anura",7,"Bangladesh","Asia"
2020,"BE","HUMAN_OBSERVATION","Anura",431,"Belgium","Europe"
2020,"BE","HUMAN_OBSERVATION","Caudata",56,"Belgium","Europe"
2020,"BG","HUMAN_OBSERVATION","Anura",28,"Bulgaria","Europe"
2020,"BG","HUMAN_OBSERVATION","Caudata",30,"Bulgaria","Europe"
2020,"BH","HUMAN_OBSERVATION","Anura",1,"Bahrain","Asia"
2020,"BJ","HUMAN_OBSERVATION","Anura",8,"Benin","Africa"
2020,"BM","HUMAN_OBSERVATION","Anura",1,"Bermuda","Americas"
2020,"BN","HUMAN_OBSERVATION","Anura",3,"Brunei","Asia"
2020,"BO","HUMAN_OBSERVATION","Anura",112,"Bolivia","Americas"
2020,"BO","HUMAN_OBSERVATION","Gymnophiona",1,"Bolivia","Americas"
2020,"BQ","HUMAN_OBSERVATION","Anura",1,"Caribbean Netherlands","Americas"
2020,"BR","HUMAN_OBSERVATION","Anura",809,"Brazil","Americas"
2020,"BR","HUMAN_OBSERVATION","Caudata",1,"Brazil","Americas"
2020,"BR","HUMAN_OBSERVATION","Gymnophiona",1,"Brazil","Americas"
2020,"BR","PRESERVED_SPECIMEN","Anura",134,"Brazil","Americas"
2020,"BS","HUMAN_OBSERVATION","Anura",7,"Bahamas","Americas"
2020,"BT","HUMAN_OBSERVATION","Anura",2,"Bhutan","Asia"
2020,"BW","HUMAN_OBSERVATION","Anura",40,"Botswana","Africa"
2020,"BY","HUMAN_OBSERVATION","Anura",24,"Belarus","Europe"
2020,"BY","HUMAN_OBSERVATION","Caudata",2,"Belarus","Europe"
2020,"BZ","HUMAN_OBSERVATION","Anura",18,"Belize","Americas"
2020,"CA","HUMAN_OBSERVATION","Anura",9388,"Canada","Americas"
2020,"CA","HUMAN_OBSERVATION","Caudata",2161,"Canada","Americas"
2020,"CD","HUMAN_OBSERVATION","Anura",7,"Congo - Kinshasa","Africa"
2020,"CG","HUMAN_OBSERVATION","Anura",1,"Congo - Brazzaville","Africa"
2020,"CH","HUMAN_OBSERVATION","Anura",99,"Switzerland","Europe"
2020,"CH","HUMAN_OBSERVATION","Caudata",61,"Switzerland","Europe"
2020,"CL","HUMAN_OBSERVATION","Anura",214,"Chile","Americas"
2020,"CM","HUMAN_OBSERVATION","Anura",4,"Cameroon","Africa"
2020,"CN","HUMAN_OBSERVATION","Anura",121,"China","Asia"
2020,"CN","HUMAN_OBSERVATION","Caudata",10,"China","Asia"
2020,"CN","PRESERVED_SPECIMEN","Anura",1,"China","Asia"
2020,"CO","HUMAN_OBSERVATION","Anura",733,"Colombia","Americas"
2020,"CO","HUMAN_OBSERVATION","Caudata",1,"Colombia","Americas"
2020,"CO","HUMAN_OBSERVATION","Gymnophiona",3,"Colombia","Americas"
2020,"CO","PRESERVED_SPECIMEN","Anura",3,"Colombia","Americas"
2020,"CR","HUMAN_OBSERVATION","Anura",690,"Costa Rica","Americas"
2020,"CR","HUMAN_OBSERVATION","Caudata",9,"Costa Rica","Americas"
2020,"CR","HUMAN_OBSERVATION","Gymnophiona",1,"Costa Rica","Americas"
2020,"CU","HUMAN_OBSERVATION","Anura",26,"Cuba","Americas"
2020,"CW","HUMAN_OBSERVATION","Anura",1,"Curaçao","Americas"
2020,"CY","HUMAN_OBSERVATION","Anura",2,"Cyprus","Asia"
2020,"CZ","HUMAN_OBSERVATION","Anura",201,"Czechia","Europe"
2020,"CZ","HUMAN_OBSERVATION","Caudata",82,"Czechia","Europe"
2020,"DE","HUMAN_OBSERVATION","Anura",1046,"Germany","Europe"
2020,"DE","HUMAN_OBSERVATION","Caudata",435,"Germany","Europe"
2020,"DK","HUMAN_OBSERVATION","Anura",2532,"Denmark","Europe"
2020,"DK","HUMAN_OBSERVATION","Caudata",819,"Denmark","Europe"
2020,"DO","HUMAN_OBSERVATION","Anura",11,"Dominican Republic","Americas"
2020,"DZ","HUMAN_OBSERVATION","Anura",8,"Algeria","Africa"
2020,"DZ","HUMAN_OBSERVATION","Caudata",1,"Algeria","Africa"
2020,"EC","HUMAN_OBSERVATION","Anura",733,"Ecuador","Americas"
2020,"EC","HUMAN_OBSERVATION","Caudata",5,"Ecuador","Americas"
2020,"EC","HUMAN_OBSERVATION","Gymnophiona",1,"Ecuador","Americas"
2020,"EE","HUMAN_OBSERVATION","Anura",219,"Estonia","Europe"
2020,"EE","HUMAN_OBSERVATION","Caudata",16,"Estonia","Europe"
2020,"EE","PRESERVED_SPECIMEN","Anura",2,"Estonia","Europe"
2020,"EG","HUMAN_OBSERVATION","Anura",1,"Egypt","Africa"
2020,"ES","HUMAN_OBSERVATION","Anura",2107,"Spain","Europe"
2020,"ES","HUMAN_OBSERVATION","Caudata",772,"Spain","Europe"
2020,"FI","HUMAN_OBSERVATION","Anura",158,"Finland","Europe"
2020,"FI","HUMAN_OBSERVATION","Caudata",3,"Finland","Europe"
2020,"FJ","HUMAN_OBSERVATION","Anura",4,"Fiji","Oceania"
2020,"FR","HUMAN_OBSERVATION","Anura",624,"France","Europe"
2020,"FR","HUMAN_OBSERVATION","Caudata",209,"France","Europe"
2020,"GA","HUMAN_OBSERVATION","Anura",1,"Gabon","Africa"
2020,"GB","HUMAN_OBSERVATION","Anura",1440,"United Kingdom","Europe"
2020,"GB","HUMAN_OBSERVATION","Caudata",297,"United Kingdom","Europe"
2020,"GD","HUMAN_OBSERVATION","Anura",1,"Grenada","Americas"
2020,"GE","HUMAN_OBSERVATION","Anura",1,"Georgia","Asia"
2020,"GF","HUMAN_OBSERVATION","Anura",61,"French Guiana","Americas"
2020,"GM","HUMAN_OBSERVATION","Anura",1,"Gambia","Africa"
2020,"GP","HUMAN_OBSERVATION","Anura",1,"Guadeloupe","Americas"
2020,"GR","HUMAN_OBSERVATION","Anura",79,"Greece","Europe"
2020,"GR","HUMAN_OBSERVATION","Caudata",16,"Greece","Europe"
2020,"GT","HUMAN_OBSERVATION","Anura",15,"Guatemala","Americas"
2020,"GW","HUMAN_OBSERVATION","Anura",1,"Guinea-Bissau","Africa"
2020,"GY","HUMAN_OBSERVATION","Anura",1,"Guyana","Americas"
2020,"HK","HUMAN_OBSERVATION","Anura",525,"Hong Kong SAR China","Asia"
2020,"HK","HUMAN_OBSERVATION","Caudata",147,"Hong Kong SAR China","Asia"
2020,"HN","HUMAN_OBSERVATION","Anura",196,"Honduras","Americas"
2020,"HN","HUMAN_OBSERVATION","Caudata",7,"Honduras","Americas"
2020,"HR","HUMAN_OBSERVATION","Anura",99,"Croatia","Europe"
2020,"HR","HUMAN_OBSERVATION","Caudata",17,"Croatia","Europe"
2020,"HT","HUMAN_OBSERVATION","Anura",1,"Haiti","Americas"
2020,"HU","HUMAN_OBSERVATION","Anura",20,"Hungary","Europe"
2020,"HU","HUMAN_OBSERVATION","Caudata",3,"Hungary","Europe"
2020,"ID","HUMAN_OBSERVATION","Anura",1185,"Indonesia","Asia"
2020,"ID","HUMAN_OBSERVATION","Gymnophiona",2,"Indonesia","Asia"
2020,"ID","PRESERVED_SPECIMEN","Anura",2,"Indonesia","Asia"
2020,"IE","HUMAN_OBSERVATION","Anura",10,"Ireland","Europe"
2020,"IE","HUMAN_OBSERVATION","Caudata",3,"Ireland","Europe"
2020,"IL","HUMAN_OBSERVATION","Anura",56,"Israel","Asia"
2020,"IL","HUMAN_OBSERVATION","Caudata",7,"Israel","Asia"
2020,"IN","HUMAN_OBSERVATION","",7,"India","Asia"
2020,"IN","HUMAN_OBSERVATION","Anura",585,"India","Asia"
2020,"IN","HUMAN_OBSERVATION","Gymnophiona",2,"India","Asia"
2020,"IQ","HUMAN_OBSERVATION","Anura",3,"Iraq","Asia"
2020,"IQ","HUMAN_OBSERVATION","Caudata",1,"Iraq","Asia"
2020,"IR","HUMAN_OBSERVATION","Anura",5,"Iran","Asia"
2020,"IT","HUMAN_OBSERVATION","Anura",1715,"Italy","Europe"
2020,"IT","HUMAN_OBSERVATION","Caudata",706,"Italy","Europe"
2020,"JM","HUMAN_OBSERVATION","Anura",13,"Jamaica","Americas"
2020,"JO","HUMAN_OBSERVATION","Anura",1,"Jordan","Asia"
2020,"JP","HUMAN_OBSERVATION","Anura",106,"Japan","Asia"
2020,"JP","HUMAN_OBSERVATION","Caudata",10,"Japan","Asia"
2020,"KE","HUMAN_OBSERVATION","Anura",45,"Kenya","Africa"
2020,"KH","HUMAN_OBSERVATION","Anura",22,"Cambodia","Asia"
2020,"KR","HUMAN_OBSERVATION","Anura",1144,"South Korea","Asia"
2020,"KR","HUMAN_OBSERVATION","Caudata",120,"South Korea","Asia"
2020,"KW","HUMAN_OBSERVATION","Anura",1,"Kuwait","Asia"
2020,"KZ","HUMAN_OBSERVATION","Anura",4,"Kazakhstan","Asia"
2020,"LA","HUMAN_OBSERVATION","Anura",16,"Laos","Asia"
2020,"LB","HUMAN_OBSERVATION","Anura",6,"Lebanon","Asia"
2020,"LB","HUMAN_OBSERVATION","Caudata",2,"Lebanon","Asia"
2020,"LC","HUMAN_OBSERVATION","Anura",1,"St. Lucia","Americas"
2020,"LK","HUMAN_OBSERVATION","",4,"Sri Lanka","Asia"
2020,"LK","HUMAN_OBSERVATION","Anura",210,"Sri Lanka","Asia"
2020,"LK","HUMAN_OBSERVATION","Gymnophiona",2,"Sri Lanka","Asia"
2020,"LT","HUMAN_OBSERVATION","Anura",129,"Lithuania","Europe"
2020,"LT","HUMAN_OBSERVATION","Caudata",15,"Lithuania","Europe"
2020,"LU","HUMAN_OBSERVATION","Anura",286,"Luxembourg","Europe"
2020,"LU","HUMAN_OBSERVATION","Caudata",372,"Luxembourg","Europe"
2020,"LV","HUMAN_OBSERVATION","Anura",2,"Latvia","Europe"
2020,"LV","HUMAN_OBSERVATION","Caudata",1,"Latvia","Europe"
2020,"MA","HUMAN_OBSERVATION","Anura",31,"Morocco","Africa"
2020,"MD","HUMAN_OBSERVATION","Anura",2,"Moldova","Europe"
2020,"ME","HUMAN_OBSERVATION","Anura",9,"Montenegro","Europe"
2020,"MF","HUMAN_OBSERVATION","Anura",3,"Saint Martin (French part)","Americas"
2020,"MG","HUMAN_OBSERVATION","",1,"Madagascar","Africa"
2020,"MG","HUMAN_OBSERVATION","Anura",44,"Madagascar","Africa"
2020,"MK","HUMAN_OBSERVATION","Caudata",2,"North Macedonia","Europe"
2020,"ML","HUMAN_OBSERVATION","Anura",1,"Mali","Africa"
2020,"MM","HUMAN_OBSERVATION","Anura",2,"Myanmar (Burma)","Asia"
2020,"MO","HUMAN_OBSERVATION","Anura",14,"Macao SAR China","Asia"
2020,"MQ","HUMAN_OBSERVATION","Anura",5,"Martinique","Americas"
2020,"MU","HUMAN_OBSERVATION","Anura",7,"Mauritius","Africa"
2020,"MW","HUMAN_OBSERVATION","Anura",24,"Malawi","Africa"
2020,"MX","HUMAN_OBSERVATION","Anura",1884,"Mexico","Americas"
2020,"MX","HUMAN_OBSERVATION","Caudata",129,"Mexico","Americas"
2020,"MX","HUMAN_OBSERVATION","Gymnophiona",4,"Mexico","Americas"
2020,"MX","PRESERVED_SPECIMEN","Anura",7,"Mexico","Americas"
2020,"MY","HUMAN_OBSERVATION","Anura",131,"Malaysia","Asia"
2020,"MZ","HUMAN_OBSERVATION","Anura",30,"Mozambique","Africa"
2020,"NC","HUMAN_OBSERVATION","Anura",1,"New Caledonia","Oceania"
2020,"NG","HUMAN_OBSERVATION","Anura",6,"Nigeria","Africa"
2020,"NI","HUMAN_OBSERVATION","Anura",33,"Nicaragua","Americas"
2020,"NI","HUMAN_OBSERVATION","Caudata",2,"Nicaragua","Americas"
2020,"NL","HUMAN_OBSERVATION","Anura",6213,"Netherlands","Europe"
2020,"NL","HUMAN_OBSERVATION","Caudata",2152,"Netherlands","Europe"
2020,"NL","PRESERVED_SPECIMEN","Anura",10,"Netherlands","Europe"
2020,"NL","PRESERVED_SPECIMEN","Caudata",1,"Netherlands","Europe"
2020,"NO","HUMAN_OBSERVATION","Anura",707,"Norway","Europe"
2020,"NO","HUMAN_OBSERVATION","Caudata",377,"Norway","Europe"
2020,"NP","HUMAN_OBSERVATION","Anura",4,"Nepal","Asia"
2020,"NP","HUMAN_OBSERVATION","Caudata",1,"Nepal","Asia"
2020,"NZ","HUMAN_OBSERVATION","Anura",113,"New Zealand","Oceania"
2020,"OM","HUMAN_OBSERVATION","Anura",1,"Oman","Asia"
2020,"PA","HUMAN_OBSERVATION","Anura",344,"Panama","Americas"
2020,"PA","HUMAN_OBSERVATION","Gymnophiona",2,"Panama","Americas"
2020,"PE","HUMAN_OBSERVATION","Anura",49,"Peru","Americas"
2020,"PE","HUMAN_OBSERVATION","Gymnophiona",1,"Peru","Americas"
2020,"PE","PRESERVED_SPECIMEN","Anura",15,"Peru","Americas"
2020,"PE","PRESERVED_SPECIMEN","Gymnophiona",4,"Peru","Americas"
2020,"PG","HUMAN_OBSERVATION","Anura",4,"Papua New Guinea","Oceania"
2020,"PH","HUMAN_OBSERVATION","Anura",61,"Philippines","Asia"
2020,"PH","PRESERVED_SPECIMEN","Anura",3,"Philippines","Asia"
2020,"PL","HUMAN_OBSERVATION","Anura",125,"Poland","Europe"
2020,"PL","HUMAN_OBSERVATION","Caudata",27,"Poland","Europe"
2020,"PR","HUMAN_OBSERVATION","Anura",75,"Puerto Rico","Americas"
2020,"PT","HUMAN_OBSERVATION","Anura",563,"Portugal","Europe"
2020,"PT","HUMAN_OBSERVATION","Caudata",269,"Portugal","Europe"
2020,"PW","HUMAN_OBSERVATION","Anura",2,"Palau","Oceania"
2020,"PY","HUMAN_OBSERVATION","Anura",9,"Paraguay","Americas"
2020,"RE","HUMAN_OBSERVATION","Anura",3,"Réunion","Africa"
2020,"RO","HUMAN_OBSERVATION","Anura",24,"Romania","Europe"
2020,"RO","HUMAN_OBSERVATION","Caudata",1,"Romania","Europe"
2020,"RS","HUMAN_OBSERVATION","Anura",11,"Serbia","Europe"
2020,"RU","HUMAN_OBSERVATION","Anura",1557,"Russia","Europe"
2020,"RU","HUMAN_OBSERVATION","Caudata",147,"Russia","Europe"
2020,"RW","HUMAN_OBSERVATION","Anura",2,"Rwanda","Africa"
2020,"SA","HUMAN_OBSERVATION","Anura",1,"Saudi Arabia","Asia"
2020,"SC","HUMAN_OBSERVATION","Anura",1,"Seychelles","Africa"
2020,"SE","HUMAN_OBSERVATION","",12,"Sweden","Europe"
2020,"SE","HUMAN_OBSERVATION","Anura",3683,"Sweden","Europe"
2020,"SE","HUMAN_OBSERVATION","Caudata",1306,"Sweden","Europe"
2020,"SG","HUMAN_OBSERVATION","Anura",145,"Singapore","Asia"
2020,"SI","HUMAN_OBSERVATION","Anura",31,"Slovenia","Europe"
2020,"SI","HUMAN_OBSERVATION","Caudata",53,"Slovenia","Europe"
2020,"SK","HUMAN_OBSERVATION","Anura",29,"Slovakia","Europe"
2020,"SK","HUMAN_OBSERVATION","Caudata",21,"Slovakia","Europe"
2020,"SN","HUMAN_OBSERVATION","Anura",2,"Senegal","Africa"
2020,"SR","HUMAN_OBSERVATION","Anura",29,"Suriname","Americas"
2020,"SV","HUMAN_OBSERVATION","Anura",48,"El Salvador","Americas"
2020,"SV","HUMAN_OBSERVATION","Gymnophiona",1,"El Salvador","Americas"
2020,"SY","HUMAN_OBSERVATION","Anura",6,"Syria","Asia"
2020,"SY","HUMAN_OBSERVATION","Caudata",1,"Syria","Asia"
2020,"SZ","HUMAN_OBSERVATION","Anura",16,"Eswatini","Africa"
2020,"TH","HUMAN_OBSERVATION","Anura",170,"Thailand","Asia"
2020,"TH","HUMAN_OBSERVATION","Caudata",1,"Thailand","Asia"
2020,"TH","HUMAN_OBSERVATION","Gymnophiona",1,"Thailand","Asia"
2020,"TL","HUMAN_OBSERVATION","Anura",7,"Timor-Leste","Asia"
2020,"TR","HUMAN_OBSERVATION","Anura",39,"Turkey","Asia"
2020,"TR","HUMAN_OBSERVATION","Caudata",6,"Turkey","Asia"
2020,"TT","HUMAN_OBSERVATION","Anura",58,"Trinidad & Tobago","Americas"
2020,"TW","HUMAN_OBSERVATION","Anura",1470,"Taiwan","Asia"
2020,"TW","HUMAN_OBSERVATION","Caudata",6,"Taiwan","Asia"
2020,"TZ","HUMAN_OBSERVATION","Anura",59,"Tanzania","Africa"
2020,"UA","HUMAN_OBSERVATION","Anura",270,"Ukraine","Europe"
2020,"UA","HUMAN_OBSERVATION","Caudata",28,"Ukraine","Europe"
2020,"UG","HUMAN_OBSERVATION","Anura",4,"Uganda","Africa"
2020,"US","HUMAN_OBSERVATION","",1,"United States","Americas"
2020,"US","HUMAN_OBSERVATION","Anura",42317,"United States","Americas"
2020,"US","HUMAN_OBSERVATION","Caudata",23611,"United States","Americas"
2020,"US","MACHINE_OBSERVATION","Anura",8,"United States","Americas"
2020,"US","MACHINE_OBSERVATION","Caudata",11,"United States","Americas"
2020,"US","PRESERVED_SPECIMEN","Anura",345,"United States","Americas"
2020,"US","PRESERVED_SPECIMEN","Caudata",97,"United States","Americas"
2020,"UY","HUMAN_OBSERVATION","Anura",54,"Uruguay","Americas"
2020,"VC","HUMAN_OBSERVATION","Anura",1,"St. Vincent & Grenadines","Americas"
2020,"VE","HUMAN_OBSERVATION","Anura",23,"Venezuela","Americas"
2020,"VI","HUMAN_OBSERVATION","Anura",8,"U.S. Virgin Islands","Americas"
2020,"VN","HUMAN_OBSERVATION","Anura",34,"Vietnam","Asia"
2020,"VN","PRESERVED_SPECIMEN","Anura",1,"Vietnam","Asia"
2020,"XK","HUMAN_OBSERVATION","Caudata",2,NA,NA
2020,"ZA","HUMAN_OBSERVATION","Anura",2196,"South Africa","Africa"
2020,"ZM","HUMAN_OBSERVATION","Anura",8,"Zambia","Africa"
2020,"ZW","HUMAN_OBSERVATION","Anura",44,"Zimbabwe","Africa"
2020,NA,"HUMAN_OBSERVATION","Anura",9,NA,NA
